symbol,name,category,interval,orb_duration,tp_multiplier,risk_per_trade,total_trades,win_rate,profit_factor,return_pct,max_drawdown,total_pnl,data_points,start,end
COST,COST,stocks,5m,5,2.0,0.01,320,0.39375,1.2236479946741354,37.246541000001415,-1333.8543999999774,3724.6541000001343,47234,2023-09-27 08:00:00+00:00,2025-09-25 23:55:00+00:00
NFLX,NFLX,stocks,5m,5,2.0,0.01,297,0.43097643097643096,1.3955305341980995,89.14702204000139,-1905.488999999976,8914.702204000128,56997,2023-08-10 08:00:00+00:00,2025-08-08 23:40:00+00:00
QQQ,QQQ,stocks,5m,5,2.0,0.01,328,0.45426829268292684,1.549147484316736,51.545191000002234,-795.6893999999829,5154.519100000203,47305,2024-08-09 08:00:00+00:00,2025-08-08 23:55:00+00:00
PEP,PEP,stocks,5m,5,2.0,0.01,275,0.3418181818181818,1.066620093649437,8.71284973999973,-2342.32232600001,871.2849739999601,51007,2023-09-27 11:35:00+00:00,2025-09-25 23:35:00+00:00
GOOGL,GOOGL,stocks,5m,5,2.0,0.01,146,0.4520547945205479,1.5801584369058597,50.9505059999999,-1066.2910000000002,5095.050599999984,44735,2024-08-09 08:00:00+00:00,2025-08-08 23:55:00+00:00
DIA,DIA,stocks,5m,5,2.0,0.01,593,0.3996627318718381,1.2839477297606439,35.4956830000051,-696.8064999999633,3549.568300000526,62874,2023-08-10 08:00:00+00:00,2025-08-08 23:50:00+00:00
AAPL,AAPL,stocks,5m,5,2.0,0.01,170,0.3941176470588235,1.3198894082649473,31.811184999999785,-1012.2637000000041,3181.118499999964,45993,2024-08-09 08:00:00+00:00,2025-08-08 23:55:00+00:00
MSFT,MSFT,stocks,5m,5,2.0,0.01,177,0.3954802259887006,1.3934540337067265,35.06150300000165,-1297.1224999999813,3506.1503000001594,40932,2024-08-09 08:00:00+00:00,2025-08-08 23:55:00+00:00
AMZN,AMZN,stocks,5m,5,2.0,0.01,202,0.400990099009901,1.3623773087485471,45.39848899999952,-1171.7096000000058,4539.8488999999645,45895,2024-08-09 08:00:00+00:00,2025-08-08 23:55:00+00:00
XLK,XLK,stocks,5m,5,2.0,0.01,552,0.4782608695652174,1.7290874092835016,199.27490999999995,-1735.207900000023,19927.490999999973,56363,2023-09-27 08:00:00+00:00,2025-09-25 22:45:00+00:00
META,META,stocks,5m,5,2.0,0.01,206,0.34951456310679613,1.0172280178645183,2.134462000001186,-1481.7452999999377,213.44620000010866,40360,2024-08-09 08:00:00+00:00,2025-08-08 23:55:00+00:00
SPY,SPY,stocks,5m,5,2.0,0.01,349,0.4498567335243553,1.5949539869646834,36.05020400000248,-382.9169999999858,3605.0204000002477,46889,2024-08-09 08:00:00+00:00,2025-08-08 23:55:00+00:00
COST,COST,stocks,5m,5,2.0,0.02,320,0.39375,1.2671405247425855,52.46208100000149,-1871.841199999969,5246.20810000015,47234,2023-09-27 08:00:00+00:00,2025-09-25 23:55:00+00:00
NFLX,NFLX,stocks,5m,5,2.0,0.02,297,0.43097643097643096,1.366113431307177,115.60106720000162,-2832.841399999992,11560.106720000158,56997,2023-08-10 08:00:00+00:00,2025-08-08 23:40:00+00:00
QQQ,QQQ,stocks,5m,5,2.0,0.02,328,0.45426829268292684,1.5692477464056065,53.80820300000221,-814.2697999999828,5380.820300000203,47305,2024-08-09 08:00:00+00:00,2025-08-08 23:55:00+00:00
PEP,PEP,stocks,5m,5,2.0,0.02,275,0.3418181818181818,1.0887924865608443,13.006405599999798,-2581.9049400000094,1300.6405599999584,51007,2023-09-27 11:35:00+00:00,2025-09-25 23:35:00+00:00
GOOGL,GOOGL,stocks,5m,5,2.0,0.02,146,0.4520547945205479,1.5882277264017564,64.39126099999969,-1337.1212000000014,6439.126099999981,44735,2024-08-09 08:00:00+00:00,2025-08-08 23:55:00+00:00
DIA,DIA,stocks,5m,5,2.0,0.02,593,0.3996627318718381,1.2922842626230246,36.68059000000507,-696.8064999999633,3668.0590000005272,62874,2023-08-10 08:00:00+00:00,2025-08-08 23:50:00+00:00
AAPL,AAPL,stocks,5m,5,2.0,0.02,170,0.3941176470588235,1.3596987404593852,44.33955799999967,-1220.4566000000068,4433.955799999955,45993,2024-08-09 08:00:00+00:00,2025-08-08 23:55:00+00:00
MSFT,MSFT,stocks,5m,5,2.0,0.02,177,0.3954802259887006,1.4551601771675353,45.557557000001765,-1527.6483999999787,4555.7557000001725,40932,2024-08-09 08:00:00+00:00,2025-08-08 23:55:00+00:00
AMZN,AMZN,stocks,5m,5,2.0,0.02,202,0.400990099009901,1.3071862838820463,47.574602999999605,-1205.0290000000064,4757.460299999959,45895,2024-08-09 08:00:00+00:00,2025-08-08 23:55:00+00:00
XLK,XLK,stocks,5m,5,2.0,0.02,552,0.4782608695652174,1.7359926728813309,208.23946099999984,-1790.8483000000178,20823.946099999972,56363,2023-09-27 08:00:00+00:00,2025-09-25 22:45:00+00:00
META,META,stocks,5m,5,2.0,0.02,206,0.34951456310679613,0.9461991750393555,-8.242522999998656,-2447.209599999924,-824.2522999998837,40360,2024-08-09 08:00:00+00:00,2025-08-08 23:55:00+00:00
SPY,SPY,stocks,5m,5,2.0,0.02,349,0.4498567335243553,1.5803140283362542,35.5791320000025,-382.9169999999858,3557.913200000249,46889,2024-08-09 08:00:00+00:00,2025-08-08 23:55:00+00:00
COST,COST,stocks,5m,5,1.0,0.01,510,0.6078431372549019,1.5172394590336178,97.64645800000152,-873.1363999999894,9764.645800000126,47234,2023-09-27 08:00:00+00:00,2025-09-25 23:55:00+00:00
NFLX,NFLX,stocks,5m,5,1.0,0.01,460,0.6065217391304348,1.481077334762163,118.30499102000165,-2074.446799999976,11830.499102000169,56997,2023-08-10 08:00:00+00:00,2025-08-08 23:40:00+00:00
QQQ,QQQ,stocks,5m,5,1.0,0.01,349,0.6303724928366762,1.4831284543169883,31.812712000001518,-922.5531999999826,3181.271200000151,47305,2024-08-09 08:00:00+00:00,2025-08-08 23:55:00+00:00
PEP,PEP,stocks,5m,5,1.0,0.01,433,0.5311778290993071,1.1233071823797183,19.675820599999152,-1197.5807000000175,1967.5820599999251,51007,2023-09-27 11:35:00+00:00,2025-09-25 23:35:00+00:00
GOOGL,GOOGL,stocks,5m,5,1.0,0.01,256,0.59765625,1.414280068049357,48.8851399999995,-1197.1518000000124,4888.513999999945,44735,2024-08-09 08:00:00+00:00,2025-08-08 23:55:00+00:00
DIA,DIA,stocks,5m,5,1.0,0.01,686,0.5641399416909622,1.2530006462874974,25.022614000004197,-626.975799999972,2502.2614000003996,62874,2023-08-10 08:00:00+00:00,2025-08-08 23:50:00+00:00
AAPL,AAPL,stocks,5m,5,1.0,0.01,241,0.5809128630705395,1.3370857388846165,32.94111999999956,-560.6782000000039,3294.111999999956,45993,2024-08-09 08:00:00+00:00,2025-08-08 23:55:00+00:00
MSFT,MSFT,stocks,5m,5,1.0,0.01,261,0.578544061302682,1.3223711218391467,28.98217900000134,-570.2619999999888,2898.2179000001515,40932,2024-08-09 08:00:00+00:00,2025-08-08 23:55:00+00:00
AMZN,AMZN,stocks,5m,5,1.0,0.01,270,0.5888888888888889,1.3890081795746456,44.07473099999948,-778.1363000000129,4407.473099999966,45895,2024-08-09 08:00:00+00:00,2025-08-08 23:55:00+00:00
XLK,XLK,stocks,5m,5,1.0,0.01,658,0.6610942249240122,1.8044695219751332,160.55516400000013,-1216.2082000000173,16055.516399999993,56363,2023-09-27 08:00:00+00:00,2025-09-25 22:45:00+00:00
META,META,stocks,5m,5,1.0,0.01,267,0.5468164794007491,1.1340046581409988,16.098196000000733,-1026.11929999999,1609.8196000000949,40360,2024-08-09 08:00:00+00:00,2025-08-08 23:55:00+00:00
SPY,SPY,stocks,5m,5,1.0,0.01,364,0.6373626373626373,1.5897657003472199,24.17844100000133,-461.73609999997734,2417.844100000144,46889,2024-08-09 08:00:00+00:00,2025-08-08 23:55:00+00:00
COST,COST,stocks,5m,5,1.0,0.02,510,0.6078431372549019,1.505889389866259,111.04151200000135,-1484.556199999981,11104.151200000138,47234,2023-09-27 08:00:00+00:00,2025-09-25 23:55:00+00:00
NFLX,NFLX,stocks,5m,5,1.0,0.02,460,0.6065217391304348,1.4488258281146744,154.5131835300021,-2581.281999999974,15451.318353000206,56997,2023-08-10 08:00:00+00:00,2025-08-08 23:40:00+00:00
QQQ,QQQ,stocks,5m,5,1.0,0.02,349,0.6303724928366762,1.4835479698215455,32.152839000001514,-944.1585999999829,3215.2839000001527,47305,2024-08-09 08:00:00+00:00,2025-08-08 23:55:00+00:00
PEP,PEP,stocks,5m,5,1.0,0.02,433,0.5311778290993071,1.1182577078979883,20.561928149999346,-1336.1292000000185,2056.1928149999235,51007,2023-09-27 11:35:00+00:00,2025-09-25 23:35:00+00:00
GOOGL,GOOGL,stocks,5m,5,1.0,0.02,256,0.59765625,1.4331657816624688,62.38136899999929,-1320.4282000000167,6238.136899999934,44735,2024-08-09 08:00:00+00:00,2025-08-08 23:55:00+00:00
DIA,DIA,stocks,5m,5,1.0,0.02,686,0.5641399416909622,1.256445946597227,25.447140000004204,-626.975799999972,2544.7140000004,62874,2023-08-10 08:00:00+00:00,2025-08-08 23:50:00+00:00
AAPL,AAPL,stocks,5m,5,1.0,0.02,241,0.5809128630705395,1.329627309571236,38.526063999999586,-1139.9769000000074,3852.606399999951,45993,2024-08-09 08:00:00+00:00,2025-08-08 23:55:00+00:00
MSFT,MSFT,stocks,5m,5,1.0,0.02,261,0.578544061302682,1.3063817102647357,30.492447000001523,-716.7631999999876,3049.24470000016,40932,2024-08-09 08:00:00+00:00,2025-08-08 23:55:00+00:00
AMZN,AMZN,stocks,5m,5,1.0,0.02,270,0.5888888888888889,1.306812565462956,41.74045199999962,-1008.6985000000025,4174.04519999996,45895,2024-08-09 08:00:00+00:00,2025-08-08 23:55:00+00:00
XLK,XLK,stocks,5m,5,1.0,0.02,658,0.6610942249240122,1.7891000678834357,161.90495499999983,-1279.4574000000193,16190.495499999992,56363,2023-09-27 08:00:00+00:00,2025-09-25 22:45:00+00:00
META,META,stocks,5m,5,1.0,0.02,267,0.5468164794007491,1.098908777123185,15.286932000001089,-1867.8866999999677,1528.693200000108,40360,2024-08-09 08:00:00+00:00,2025-08-08 23:55:00+00:00
SPY,SPY,stocks,5m,5,1.0,0.02,364,0.6373626373626373,1.5707447977857025,23.732027000001363,-523.2880999999759,2373.202700000145,46889,2024-08-09 08:00:00+00:00,2025-08-08 23:55:00+00:00
COST,COST,stocks,5m,5,0.5,0.01,585,0.7521367521367521,1.4509033394884967,54.978802000000904,-475.14549999999235,5497.88020000008,47234,2023-09-27 08:00:00+00:00,2025-09-25 23:55:00+00:00
NFLX,NFLX,stocks,5m,5,0.5,0.01,579,0.7875647668393783,1.7585924044301322,129.41392447500115,-881.2994499999768,12941.392447500148,56997,2023-08-10 08:00:00+00:00,2025-08-08 23:40:00+00:00
QQQ,QQQ,stocks,5m,5,0.5,0.01,353,0.8101983002832861,1.796345675858708,28.032063000000978,-208.0653999999954,2803.2063000000862,47305,2024-08-09 08:00:00+00:00,2025-08-08 23:55:00+00:00
PEP,PEP,stocks,5m,5,0.5,0.01,546,0.7106227106227107,1.2460176794025317,29.941641699998833,-746.9052000000088,2994.1641699999086,51007,2023-09-27 11:35:00+00:00,2025-09-25 23:35:00+00:00
GOOGL,GOOGL,stocks,5m,5,0.5,0.01,293,0.7747440273037542,1.5911061796561348,44.992589499999795,-806.2167999999974,4499.258949999978,44735,2024-08-09 08:00:00+00:00,2025-08-08 23:55:00+00:00
DIA,DIA,stocks,5m,5,0.5,0.01,718,0.7520891364902507,1.4364304149918856,26.142991000002546,-671.022899999974,2614.2991000002285,62874,2023-08-10 08:00:00+00:00,2025-08-08 23:50:00+00:00
AAPL,AAPL,stocks,5m,5,0.5,0.01,299,0.745819397993311,1.4391367510542397,31.447825499999688,-739.0420000000054,3144.7825499999713,45993,2024-08-09 08:00:00+00:00,2025-08-08 23:55:00+00:00
MSFT,MSFT,stocks,5m,5,0.5,0.01,305,0.8,1.8814358690641353,47.71942100000102,-354.85379999999486,4771.942100000083,40932,2024-08-09 08:00:00+00:00,2025-08-08 23:55:00+00:00
AMZN,AMZN,stocks,5m,5,0.5,0.01,306,0.7712418300653595,1.6556118670576863,47.83630749999975,-642.8660000000032,4783.630749999987,45895,2024-08-09 08:00:00+00:00,2025-08-08 23:55:00+00:00
XLK,XLK,stocks,5m,5,0.5,0.01,678,0.827433628318584,2.021635903103867,98.69046550000024,-785.9436000000078,9869.046550000014,56363,2023-09-27 08:00:00+00:00,2025-09-25 22:45:00+00:00
META,META,stocks,5m,5,0.5,0.01,301,0.7508305647840532,1.424357750507661,33.51416300000075,-695.0814999999925,3351.4163000000626,40360,2024-08-09 08:00:00+00:00,2025-08-08 23:55:00+00:00
SPY,SPY,stocks,5m,5,0.5,0.01,369,0.8428184281842819,2.50748335238563,26.232158000000457,-126.58069999999657,2623.2158000000504,46889,2024-08-09 08:00:00+00:00,2025-08-08 23:55:00+00:00
COST,COST,stocks,5m,5,0.5,0.02,585,0.7521367521367521,1.4335099516660195,59.51045100000098,-594.2770499999897,5951.045100000085,47234,2023-09-27 08:00:00+00:00,2025-09-25 23:55:00+00:00
NFLX,NFLX,stocks,5m,5,0.5,0.02,579,0.7875647668393783,1.7390807611293952,175.87077619500178,-1329.3331999999937,17587.077619500174,56997,2023-08-10 08:00:00+00:00,2025-08-08 23:40:00+00:00
QQQ,QQQ,stocks,5m,5,0.5,0.02,353,0.8101983002832861,1.7903167372718767,28.0905700000009,-241.06639999999493,2809.057000000086,47305,2024-08-09 08:00:00+00:00,2025-08-08 23:55:00+00:00
PEP,PEP,stocks,5m,5,0.5,0.02,546,0.7106227106227107,1.248148702852539,33.097332269999114,-862.9532000000099,3309.733226999905,51007,2023-09-27 11:35:00+00:00,2025-09-25 23:35:00+00:00
GOOGL,GOOGL,stocks,5m,5,0.5,0.02,293,0.7747440273037542,1.579191817344602,53.532346999999646,-977.506599999997,5353.234699999973,44735,2024-08-09 08:00:00+00:00,2025-08-08 23:55:00+00:00
DIA,DIA,stocks,5m,5,0.5,0.02,718,0.7520891364902507,1.4382864476550328,26.328683000002567,-671.022899999974,2632.8683000002284,62874,2023-08-10 08:00:00+00:00,2025-08-08 23:50:00+00:00
AAPL,AAPL,stocks,5m,5,0.5,0.02,299,0.745819397993311,1.4343580082293466,36.62924099999966,-891.8909000000062,3662.924099999968,45993,2024-08-09 08:00:00+00:00,2025-08-08 23:55:00+00:00
MSFT,MSFT,stocks,5m,5,0.5,0.02,305,0.8,1.8404060933995243,50.63031300000104,-438.3979999999938,5063.031300000088,40932,2024-08-09 08:00:00+00:00,2025-08-08 23:55:00+00:00
AMZN,AMZN,stocks,5m,5,0.5,0.02,306,0.7712418300653595,1.5176094386296728,47.2773254999999,-947.8386000000055,4727.732549999982,45895,2024-08-09 08:00:00+00:00,2025-08-08 23:55:00+00:00
XLK,XLK,stocks,5m,5,0.5,0.02,678,0.827433628318584,1.98671626977205,98.56651900000053,-818.8428000000067,9856.651900000012,56363,2023-09-27 08:00:00+00:00,2025-09-25 22:45:00+00:00
META,META,stocks,5m,5,0.5,0.02,301,0.7508305647840532,1.407782056889987,42.0350430000009,-962.7364999999891,4203.504300000073,40360,2024-08-09 08:00:00+00:00,2025-08-08 23:55:00+00:00
SPY,SPY,stocks,5m,5,0.5,0.02,369,0.8428184281842819,2.485717900188768,26.218909500000482,-151.1814999999965,2621.890950000051,46889,2024-08-09 08:00:00+00:00,2025-08-08 23:55:00+00:00
COST,COST,stocks,5m,15,2.0,0.01,231,0.38095238095238093,1.155725292888119,20.54151300000109,-2010.4529999999563,2054.151300000093,47234,2023-09-27 08:00:00+00:00,2025-09-25 23:55:00+00:00
NFLX,NFLX,stocks,5m,15,2.0,0.01,212,0.419811320754717,1.3873776727918548,59.939497000001,-1476.0473999999845,5993.949700000101,56997,2023-08-10 08:00:00+00:00,2025-08-08 23:40:00+00:00
QQQ,QQQ,stocks,5m,15,2.0,0.01,257,0.4163424124513619,1.3311125339566712,30.818761000001395,-664.0007999999834,3081.876100000147,47305,2024-08-09 08:00:00+00:00,2025-08-08 23:55:00+00:00
PEP,PEP,stocks,5m,15,2.0,0.01,216,0.3611111111111111,1.1326365800559983,15.596073639999593,-1102.757000000042,1559.60736399996,51007,2023-09-27 11:35:00+00:00,2025-09-25 23:35:00+00:00
GOOGL,GOOGL,stocks,5m,15,2.0,0.01,111,0.4594594594594595,1.710827992550233,45.84290299999982,-536.5136000000002,4584.290299999984,44735,2024-08-09 08:00:00+00:00,2025-08-08 23:55:00+00:00
DIA,DIA,stocks,5m,15,2.0,0.01,472,0.3877118644067797,1.2491336280529557,31.019852000004228,-871.9097999999772,3101.9852000004103,62874,2023-08-10 08:00:00+00:00,2025-08-08 23:50:00+00:00
AAPL,AAPL,stocks,5m,15,2.0,0.01,120,0.38333333333333336,1.2138009963216425,16.41337099999984,-1394.4212000000055,1641.3370999999797,45993,2024-08-09 08:00:00+00:00,2025-08-08 23:55:00+00:00
MSFT,MSFT,stocks,5m,15,2.0,0.01,133,0.42857142857142855,1.5431263704611005,36.622688000001126,-739.2476999999877,3662.2688000001053,40932,2024-08-09 08:00:00+00:00,2025-08-08 23:55:00+00:00
AMZN,AMZN,stocks,5m,15,2.0,0.01,167,0.39520958083832336,1.365285850298735,38.30683599999968,-1007.6014000000098,3830.683599999967,45895,2024-08-09 08:00:00+00:00,2025-08-08 23:55:00+00:00
XLK,XLK,stocks,5m,15,2.0,0.01,423,0.425531914893617,1.3826670154988672,84.29890999999982,-1569.833900000006,8429.890999999987,56363,2023-09-27 08:00:00+00:00,2025-09-25 22:45:00+00:00
META,META,stocks,5m,15,2.0,0.01,149,0.35570469798657717,1.0400391708796795,3.796082000000788,-1615.5543999999722,379.6082000000716,40360,2024-08-09 08:00:00+00:00,2025-08-08 23:55:00+00:00
SPY,SPY,stocks,5m,15,2.0,0.01,283,0.45229681978798586,1.5883633976370632,39.307982000001644,-409.2157999999795,3930.798200000162,46889,2024-08-09 08:00:00+00:00,2025-08-08 23:55:00+00:00
COST,COST,stocks,5m,15,2.0,0.02,231,0.38095238095238093,1.1732086045100687,27.45249200000115,-2352.8016999999522,2745.2492000001034,47234,2023-09-27 08:00:00+00:00,2025-09-25 23:55:00+00:00
NFLX,NFLX,stocks,5m,15,2.0,0.02,212,0.419811320754717,1.2789319965198047,67.9656860000013,-2350.789899999978,6796.568600000143,56997,2023-08-10 08:00:00+00:00,2025-08-08 23:40:00+00:00
QQQ,QQQ,stocks,5m,15,2.0,0.02,257,0.4163424124513619,1.357406561870307,34.30191500000144,-675.1551999999833,3430.19150000015,47305,2024-08-09 08:00:00+00:00,2025-08-08 23:55:00+00:00
PEP,PEP,stocks,5m,15,2.0,0.02,216,0.3611111111111111,1.1520749055564847,21.702599769999505,-1643.1611000000526,2170.259976999949,51007,2023-09-27 11:35:00+00:00,2025-09-25 23:35:00+00:00
GOOGL,GOOGL,stocks,5m,15,2.0,0.02,111,0.4594594594594595,1.620128451852079,57.55674599999986,-788.0606000000039,5755.674599999983,44735,2024-08-09 08:00:00+00:00,2025-08-08 23:55:00+00:00
DIA,DIA,stocks,5m,15,2.0,0.02,472,0.3877118644067797,1.2675209082897745,33.66634500000409,-871.9097999999772,3366.6345000004126,62874,2023-08-10 08:00:00+00:00,2025-08-08 23:50:00+00:00
AAPL,AAPL,stocks,5m,15,2.0,0.02,120,0.38333333333333336,1.2835038043179627,30.166113999999688,-2293.914800000009,3016.6113999999693,45993,2024-08-09 08:00:00+00:00,2025-08-08 23:55:00+00:00
MSFT,MSFT,stocks,5m,15,2.0,0.02,133,0.42857142857142855,1.6370983603939888,54.1418540000013,-1003.2874999999859,5414.185400000125,40932,2024-08-09 08:00:00+00:00,2025-08-08 23:55:00+00:00
AMZN,AMZN,stocks,5m,15,2.0,0.02,167,0.39520958083832336,1.3336766503350599,47.66749099999963,-1000.1288999999997,4766.749099999956,45895,2024-08-09 08:00:00+00:00,2025-08-08 23:55:00+00:00
XLK,XLK,stocks,5m,15,2.0,0.02,423,0.425531914893617,1.3929771383690122,92.5205709999999,-1670.871400000009,9252.057099999985,56363,2023-09-27 08:00:00+00:00,2025-09-25 22:45:00+00:00
META,META,stocks,5m,15,2.0,0.02,149,0.35570469798657717,0.9824043503004729,-2.300390999999199,-2232.683199999985,-230.03909999991197,40360,2024-08-09 08:00:00+00:00,2025-08-08 23:55:00+00:00
SPY,SPY,stocks,5m,15,2.0,0.02,283,0.45229681978798586,1.6028136521933831,41.41931700000161,-401.77659999997877,4141.931700000164,46889,2024-08-09 08:00:00+00:00,2025-08-08 23:55:00+00:00
COST,COST,stocks,5m,15,1.0,0.01,399,0.5538847117794486,1.1845808095201464,28.82889900000104,-1296.259699999976,2882.8899000000974,47234,2023-09-27 08:00:00+00:00,2025-09-25 23:55:00+00:00
NFLX,NFLX,stocks,5m,15,1.0,0.01,348,0.5919540229885057,1.38836105195935,69.61875716000115,-1532.7910999999795,6961.875716000115,56997,2023-08-10 08:00:00+00:00,2025-08-08 23:40:00+00:00
QQQ,QQQ,stocks,5m,15,1.0,0.01,303,0.6171617161716172,1.405564534674239,29.86175400000093,-645.2543999999857,2986.1754000000883,47305,2024-08-09 08:00:00+00:00,2025-08-08 23:55:00+00:00
PEP,PEP,stocks,5m,15,1.0,0.01,377,0.5039787798408488,1.0261463052033932,3.8457946299992543,-1363.3007370000455,384.57946299992784,51007,2023-09-27 11:35:00+00:00,2025-09-25 23:35:00+00:00
GOOGL,GOOGL,stocks,5m,15,1.0,0.01,214,0.6308411214953271,1.7213334552581787,63.90299499999986,-792.160600000004,6390.299499999983,44735,2024-08-09 08:00:00+00:00,2025-08-08 23:55:00+00:00
DIA,DIA,stocks,5m,15,1.0,0.01,602,0.5647840531561462,1.2922125977704817,31.77450300000364,-648.5501999999717,3177.45030000036,62874,2023-08-10 08:00:00+00:00,2025-08-08 23:50:00+00:00
AAPL,AAPL,stocks,5m,15,1.0,0.01,190,0.5526315789473685,1.2162143131626175,18.807790999999796,-1526.6402000000062,1880.779099999972,45993,2024-08-09 08:00:00+00:00,2025-08-08 23:55:00+00:00
MSFT,MSFT,stocks,5m,15,1.0,0.01,214,0.5560747663551402,1.2072676633396426,17.626319000001185,-621.215999999971,1762.631900000119,40932,2024-08-09 08:00:00+00:00,2025-08-08 23:55:00+00:00
AMZN,AMZN,stocks,5m,15,1.0,0.01,221,0.5429864253393665,1.2075141843479682,21.12235999999957,-1102.4695000000033,2112.2359999999703,45895,2024-08-09 08:00:00+00:00,2025-08-08 23:55:00+00:00
XLK,XLK,stocks,5m,15,1.0,0.01,555,0.6468468468468469,1.6966836221417847,150.9749789999992,-1123.9913000000033,15097.497899999977,56363,2023-09-27 08:00:00+00:00,2025-09-25 22:45:00+00:00
META,META,stocks,5m,15,1.0,0.01,204,0.5392156862745098,1.1097604044894844,10.690795000000652,-850.6944999999795,1069.0795000000696,40360,2024-08-09 08:00:00+00:00,2025-08-08 23:55:00+00:00
SPY,SPY,stocks,5m,15,1.0,0.01,329,0.6413373860182371,1.6416768106164341,31.826754000001166,-318.29659999998785,3182.675400000115,46889,2024-08-09 08:00:00+00:00,2025-08-08 23:55:00+00:00
COST,COST,stocks,5m,15,1.0,0.02,399,0.5538847117794486,1.1411933885642693,25.515054000001037,-1332.164099999975,2551.505400000103,47234,2023-09-27 08:00:00+00:00,2025-09-25 23:55:00+00:00
NFLX,NFLX,stocks,5m,15,1.0,0.02,348,0.5919540229885057,1.305846100904991,84.28513088000163,-2357.449799999966,8428.513088000158,56997,2023-08-10 08:00:00+00:00,2025-08-08 23:40:00+00:00
QQQ,QQQ,stocks,5m,15,1.0,0.02,303,0.6171617161716172,1.41280439689208,31.300223000000916,-723.7631999999849,3130.02230000009,47305,2024-08-09 08:00:00+00:00,2025-08-08 23:55:00+00:00
PEP,PEP,stocks,5m,15,1.0,0.02,377,0.5039787798408488,1.0250829456847508,4.245680879999,-1625.310712000056,424.56808799991995,51007,2023-09-27 11:35:00+00:00,2025-09-25 23:35:00+00:00
GOOGL,GOOGL,stocks,5m,15,1.0,0.02,214,0.6308411214953271,1.6902529479892345,85.5257079999998,-1080.8026000000061,8552.570799999972,44735,2024-08-09 08:00:00+00:00,2025-08-08 23:55:00+00:00
DIA,DIA,stocks,5m,15,1.0,0.02,602,0.5647840531561462,1.3108525559964863,34.00965200000361,-648.5501999999717,3400.9652000003616,62874,2023-08-10 08:00:00+00:00,2025-08-08 23:50:00+00:00
AAPL,AAPL,stocks,5m,15,1.0,0.02,190,0.5526315789473685,1.211292378461154,24.341012999999748,-2382.9238000000078,2434.1012999999657,45993,2024-08-09 08:00:00+00:00,2025-08-08 23:55:00+00:00
MSFT,MSFT,stocks,5m,15,1.0,0.02,214,0.5560747663551402,1.2528420913852916,25.69080400000126,-871.7408999999752,2569.0804000001363,40932,2024-08-09 08:00:00+00:00,2025-08-08 23:55:00+00:00
AMZN,AMZN,stocks,5m,15,1.0,0.02,221,0.5429864253393665,1.147450198228218,19.817363999999525,-1584.0968000000044,1981.7363999999634,45895,2024-08-09 08:00:00+00:00,2025-08-08 23:55:00+00:00
XLK,XLK,stocks,5m,15,1.0,0.02,555,0.6468468468468469,1.674533025652972,157.01319199999932,-1158.3715000000066,15701.319199999974,56363,2023-09-27 08:00:00+00:00,2025-09-25 22:45:00+00:00
META,META,stocks,5m,15,1.0,0.02,204,0.5392156862745098,1.0318195391899836,4.197294000000838,-1535.7362999999796,419.7294000000809,40360,2024-08-09 08:00:00+00:00,2025-08-08 23:55:00+00:00
SPY,SPY,stocks,5m,15,1.0,0.02,329,0.6413373860182371,1.625492675402646,31.99351000000115,-323.27699999998777,3199.351000000116,46889,2024-08-09 08:00:00+00:00,2025-08-08 23:55:00+00:00
COST,COST,stocks,5m,15,0.5,0.01,496,0.7137096774193549,1.1793053410973973,22.418701000000908,-1221.9415999999778,2241.8701000000774,47234,2023-09-27 08:00:00+00:00,2025-09-25 23:55:00+00:00
NFLX,NFLX,stocks,5m,15,0.5,0.01,494,0.771255060728745,1.6348062848520446,91.37421851000109,-822.1581999999826,9137.421851000117,56997,2023-08-10 08:00:00+00:00,2025-08-08 23:40:00+00:00
QQQ,QQQ,stocks,5m,15,0.5,0.01,326,0.7883435582822086,1.6077167074861696,26.992276000000565,-292.41369999999733,2699.22760000006,47305,2024-08-09 08:00:00+00:00,2025-08-08 23:55:00+00:00
PEP,PEP,stocks,5m,15,0.5,0.01,467,0.7130620985010707,1.2368806341226304,27.869106579999187,-715.4270000000088,2786.9106579999243,51007,2023-09-27 11:35:00+00:00,2025-09-25 23:35:00+00:00
GOOGL,GOOGL,stocks,5m,15,0.5,0.01,253,0.758893280632411,1.5256521750625869,35.189756999999716,-460.0560000000005,3518.9756999999745,44735,2024-08-09 08:00:00+00:00,2025-08-08 23:55:00+00:00
DIA,DIA,stocks,5m,15,0.5,0.01,661,0.7291981845688351,1.322779306160865,23.012911500002463,-642.823749999973,2301.2911500002374,62874,2023-08-10 08:00:00+00:00,2025-08-08 23:50:00+00:00
AAPL,AAPL,stocks,5m,15,0.5,0.01,261,0.735632183908046,1.3519439471146888,24.229148499999813,-660.5310500000087,2422.914849999979,45993,2024-08-09 08:00:00+00:00,2025-08-08 23:55:00+00:00
MSFT,MSFT,stocks,5m,15,0.5,0.01,262,0.7404580152671756,1.3048330658157536,19.311091500000714,-514.0579999999941,1931.1091500000766,40932,2024-08-09 08:00:00+00:00,2025-08-08 23:55:00+00:00
AMZN,AMZN,stocks,5m,15,0.5,0.01,266,0.7255639097744361,1.3089258671605213,23.166531499999675,-838.9146500000077,2316.6531499999833,45895,2024-08-09 08:00:00+00:00,2025-08-08 23:55:00+00:00
XLK,XLK,stocks,5m,15,0.5,0.01,613,0.8156606851549756,2.004537772316225,116.3436190000003,-680.0926000000109,11634.361900000007,56363,2023-09-27 08:00:00+00:00,2025-09-25 22:45:00+00:00
META,META,stocks,5m,15,0.5,0.01,255,0.7254901960784313,1.3081216458334721,21.518929500000596,-463.10194999999135,2151.8929500000563,40360,2024-08-09 08:00:00+00:00,2025-08-08 23:55:00+00:00
SPY,SPY,stocks,5m,15,0.5,0.01,344,0.8284883720930233,2.043286072063908,26.818163000000734,-240.87819999999374,2681.816300000042,46889,2024-08-09 08:00:00+00:00,2025-08-08 23:55:00+00:00
COST,COST,stocks,5m,15,0.5,0.02,496,0.7137096774193549,1.1876718933335138,27.227468500000835,-1499.1747999999743,2722.746850000086,47234,2023-09-27 08:00:00+00:00,2025-09-25 23:55:00+00:00
NFLX,NFLX,stocks,5m,15,0.5,0.02,494,0.771255060728745,1.5527400182644604,124.16975630000142,-1296.8543999999765,12416.975630000154,56997,2023-08-10 08:00:00+00:00,2025-08-08 23:40:00+00:00
QQQ,QQQ,stocks,5m,15,0.5,0.02,326,0.7883435582822086,1.5816243350741683,26.82286950000056,-382.73319999999217,2682.286950000061,47305,2024-08-09 08:00:00+00:00,2025-08-08 23:55:00+00:00
PEP,PEP,stocks,5m,15,0.5,0.02,467,0.7130620985010707,1.204131209233628,28.085436279999264,-976.3590000000288,2808.5436279999185,51007,2023-09-27 11:35:00+00:00,2025-09-25 23:35:00+00:00
GOOGL,GOOGL,stocks,5m,15,0.5,0.02,253,0.758893280632411,1.4792108142229812,43.60060249999953,-714.4506000000001,4360.060249999965,44735,2024-08-09 08:00:00+00:00,2025-08-08 23:55:00+00:00
DIA,DIA,stocks,5m,15,0.5,0.02,661,0.7291981845688351,1.3376478737788906,24.125782000002474,-642.823749999973,2412.578200000239,62874,2023-08-10 08:00:00+00:00,2025-08-08 23:50:00+00:00
AAPL,AAPL,stocks,5m,15,0.5,0.02,261,0.735632183908046,1.3792412625320054,32.37362849999968,-730.4732500000064,3237.362849999976,45993,2024-08-09 08:00:00+00:00,2025-08-08 23:55:00+00:00
MSFT,MSFT,stocks,5m,15,0.5,0.02,262,0.7404580152671756,1.3120558329148615,23.06065550000083,-600.9481999999937,2306.065550000084,40932,2024-08-09 08:00:00+00:00,2025-08-08 23:55:00+00:00
AMZN,AMZN,stocks,5m,15,0.5,0.02,266,0.7255639097744361,1.2047621384485323,20.299219499999655,-1443.0537500000196,2029.921949999978,45895,2024-08-09 08:00:00+00:00,2025-08-08 23:55:00+00:00
XLK,XLK,stocks,5m,15,0.5,0.02,613,0.8156606851549756,1.9547221594344288,119.68447399999987,-933.2998000000116,11968.447400000003,56363,2023-09-27 08:00:00+00:00,2025-09-25 22:45:00+00:00
META,META,stocks,5m,15,0.5,0.02,255,0.7254901960784313,1.2766612529268384,26.836852000000512,-805.1576999999859,2683.685200000068,40360,2024-08-09 08:00:00+00:00,2025-08-08 23:55:00+00:00
SPY,SPY,stocks,5m,15,0.5,0.02,344,0.8284883720930233,1.9736042252312824,26.299194000000682,-239.02799999999388,2629.9194000000425,46889,2024-08-09 08:00:00+00:00,2025-08-08 23:55:00+00:00
COST,COST,stocks,15m,15,2.0,0.01,195,0.38974358974358975,1.214962659279057,23.140508000000683,-1131.6691999999834,2314.0508000000664,18680,2023-09-27 08:00:00+00:00,2025-09-26 00:00:00+00:00
NFLX,NFLX,stocks,15m,15,2.0,0.01,186,0.43010752688172044,1.4878290867485033,62.996395000000796,-1084.4237999999827,6299.639500000083,23440,2023-08-10 08:00:00+00:00,2025-08-08 23:45:00+00:00
QQQ,QQQ,stocks,15m,15,2.0,0.01,228,0.44298245614035087,1.530568653921634,46.05878900000127,-791.8689999999815,4605.878900000124,16116,2024-08-09 08:00:00+00:00,2025-08-09 00:00:00+00:00
PEP,PEP,stocks,15m,15,2.0,0.01,178,0.39325842696629215,1.2654880000289859,27.6491903299998,-1077.362767000007,2764.919032999981,20835,2023-09-27 11:45:00+00:00,2025-09-25 23:45:00+00:00
GOOGL,GOOGL,stocks,15m,15,2.0,0.01,88,0.5113636363636364,2.040181725739073,51.41833899999985,-426.6818000000003,5141.833899999991,15981,2024-08-09 08:00:00+00:00,2025-08-09 00:00:00+00:00
DIA,DIA,stocks,15m,15,2.0,0.01,424,0.41745283018867924,1.4458932747393367,52.15746600000366,-801.5924999999331,5215.746600000377,25939,2023-08-10 08:00:00+00:00,2025-08-09 00:00:00+00:00
AAPL,AAPL,stocks,15m,15,2.0,0.01,110,0.37272727272727274,1.1875132329931544,12.796512999999832,-880.9964000000027,1279.6512999999813,16073,2024-08-09 08:00:00+00:00,2025-08-09 00:00:00+00:00
MSFT,MSFT,stocks,15m,15,2.0,0.01,110,0.41818181818181815,1.4272495814293704,25.003917000000804,-561.5331999999773,2500.3917000000783,15612,2024-08-09 08:00:00+00:00,2025-08-09 00:00:00+00:00
AMZN,AMZN,stocks,15m,15,2.0,0.01,148,0.44594594594594594,1.5709279739049526,57.4480989999998,-669.9502999999959,5744.809899999984,16062,2024-08-09 08:00:00+00:00,2025-08-09 00:00:00+00:00
XLK,XLK,stocks,15m,15,2.0,0.01,389,0.4473007712082262,1.5331487333101614,109.69885199999997,-1525.3133000000098,10969.885199999992,23427,2023-09-27 08:00:00+00:00,2025-09-25 22:45:00+00:00
META,META,stocks,15m,15,2.0,0.01,128,0.375,1.1622149349901545,12.471377000000592,-762.5363999999963,1247.137700000065,15373,2024-08-09 08:00:00+00:00,2025-08-09 00:00:00+00:00
SPY,SPY,stocks,15m,15,2.0,0.01,254,0.4566929133858268,1.6904049342239735,42.57481100000125,-474.60199999998895,4257.481100000111,16110,2024-08-09 08:00:00+00:00,2025-08-09 00:00:00+00:00
COST,COST,stocks,15m,15,2.0,0.02,195,0.38974358974358975,1.2110773763264522,27.33890600000068,-1408.3562999999808,2733.890600000073,18680,2023-09-27 08:00:00+00:00,2025-09-26 00:00:00+00:00
NFLX,NFLX,stocks,15m,15,2.0,0.02,186,0.43010752688172044,1.3623714925158372,73.9696020000011,-1761.2505999999726,7396.9602000001105,23440,2023-08-10 08:00:00+00:00,2025-08-08 23:45:00+00:00
QQQ,QQQ,stocks,15m,15,2.0,0.02,228,0.44298245614035087,1.5919194383067403,53.09529200000128,-830.1971999999823,5309.529200000129,16116,2024-08-09 08:00:00+00:00,2025-08-09 00:00:00+00:00
PEP,PEP,stocks,15m,15,2.0,0.02,178,0.39325842696629215,1.2524034648354787,34.03233483999955,-1721.5699000000084,3403.23348399997,20835,2023-09-27 11:45:00+00:00,2025-09-25 23:45:00+00:00
GOOGL,GOOGL,stocks,15m,15,2.0,0.02,88,0.5113636363636364,1.8395351668054887,67.47242299999986,-748.6257999999998,6747.242299999984,15981,2024-08-09 08:00:00+00:00,2025-08-09 00:00:00+00:00
DIA,DIA,stocks,15m,15,2.0,0.02,424,0.41745283018867924,1.4806773498753627,57.01649800000372,-801.5924999999331,5701.649800000379,25939,2023-08-10 08:00:00+00:00,2025-08-09 00:00:00+00:00
AAPL,AAPL,stocks,15m,15,2.0,0.02,110,0.37272727272727274,1.194171899904789,18.303538999999798,-1333.4732000000067,1830.353899999976,16073,2024-08-09 08:00:00+00:00,2025-08-09 00:00:00+00:00
MSFT,MSFT,stocks,15m,15,2.0,0.02,110,0.41818181818181815,1.4925924886348205,37.13493300000093,-791.7503999999735,3713.4933000000924,15612,2024-08-09 08:00:00+00:00,2025-08-09 00:00:00+00:00
AMZN,AMZN,stocks,15m,15,2.0,0.02,148,0.44594594594594594,1.606074752629171,91.67392099999965,-1274.4477000000006,9167.392099999972,16062,2024-08-09 08:00:00+00:00,2025-08-09 00:00:00+00:00
XLK,XLK,stocks,15m,15,2.0,0.02,389,0.4473007712082262,1.574042542172987,126.80888499999976,-1678.198800000011,12680.88849999999,23427,2023-09-27 08:00:00+00:00,2025-09-25 22:45:00+00:00
META,META,stocks,15m,15,2.0,0.02,128,0.375,1.0550790648627166,6.0574990000007345,-1544.68229999998,605.7499000000811,15373,2024-08-09 08:00:00+00:00,2025-08-09 00:00:00+00:00
SPY,SPY,stocks,15m,15,2.0,0.02,254,0.4566929133858268,1.7564086290136962,47.43906200000116,-489.7401999999893,4743.906200000114,16110,2024-08-09 08:00:00+00:00,2025-08-09 00:00:00+00:00
COST,COST,stocks,15m,15,1.0,0.01,366,0.5792349726775956,1.3175361659010638,49.12407500000091,-1066.699599999983,4912.407500000097,18680,2023-09-27 08:00:00+00:00,2025-09-26 00:00:00+00:00
NFLX,NFLX,stocks,15m,15,1.0,0.01,309,0.6181229773462783,1.5530740097395437,88.80476309000133,-935.1706999999838,8880.476309000098,23440,2023-08-10 08:00:00+00:00,2025-08-08 23:45:00+00:00
QQQ,QQQ,stocks,15m,15,1.0,0.01,265,0.660377358490566,1.7378675805724249,46.57495800000077,-362.31239999999343,4657.495800000076,16116,2024-08-09 08:00:00+00:00,2025-08-09 00:00:00+00:00
PEP,PEP,stocks,15m,15,1.0,0.01,299,0.5518394648829431,1.2244182750228159,28.656611539999595,-943.8866000000105,2865.6611539999553,20835,2023-09-27 11:45:00+00:00,2025-09-25 23:45:00+00:00
GOOGL,GOOGL,stocks,15m,15,1.0,0.01,175,0.6857142857142857,2.244903656712642,83.4308959999998,-486.2701000000061,8343.089599999985,15981,2024-08-09 08:00:00+00:00,2025-08-09 00:00:00+00:00
DIA,DIA,stocks,15m,15,1.0,0.01,535,0.6056074766355141,1.5041311601804068,49.908209000003026,-531.3131999999746,4990.8209000003135,25939,2023-08-10 08:00:00+00:00,2025-08-09 00:00:00+00:00
AAPL,AAPL,stocks,15m,15,1.0,0.01,168,0.5238095238095238,1.0995164465406493,7.86667199999958,-1389.727400000013,786.6671999999718,16073,2024-08-09 08:00:00+00:00,2025-08-09 00:00:00+00:00
MSFT,MSFT,stocks,15m,15,1.0,0.01,188,0.5638297872340425,1.2607871926687948,20.48271900000105,-811.4281999999762,2048.2719000001025,15612,2024-08-09 08:00:00+00:00,2025-08-09 00:00:00+00:00
AMZN,AMZN,stocks,15m,15,1.0,0.01,206,0.5922330097087378,1.4527843664102376,43.70245499999979,-979.3048000000017,4370.245499999986,16062,2024-08-09 08:00:00+00:00,2025-08-09 00:00:00+00:00
XLK,XLK,stocks,15m,15,1.0,0.01,515,0.6640776699029126,1.8198039843598137,165.26381300000003,-1107.8370000000032,16526.38129999999,23427,2023-09-27 08:00:00+00:00,2025-09-25 22:45:00+00:00
META,META,stocks,15m,15,1.0,0.01,183,0.6229508196721312,1.5912899461457457,47.696465000000536,-802.8208999999877,4769.646500000064,15373,2024-08-09 08:00:00+00:00,2025-08-09 00:00:00+00:00
SPY,SPY,stocks,15m,15,1.0,0.01,300,0.6533333333333333,1.8514693505038389,38.30440200000105,-339.7055999999907,3830.440200000099,16110,2024-08-09 08:00:00+00:00,2025-08-09 00:00:00+00:00
COST,COST,stocks,15m,15,1.0,0.02,366,0.5792349726775956,1.320852470948372,59.362869000001176,-1498.1199999999653,5936.28690000011,18680,2023-09-27 08:00:00+00:00,2025-09-26 00:00:00+00:00
NFLX,NFLX,stocks,15m,15,1.0,0.02,309,0.6181229773462783,1.4668131732561787,122.4540007400012,-1829.1745999999766,12245.400074000136,23440,2023-08-10 08:00:00+00:00,2025-08-08 23:45:00+00:00
QQQ,QQQ,stocks,15m,15,1.0,0.02,265,0.660377358490566,1.7826666552361583,50.395081000000744,-369.2726999999943,5039.508100000077,16116,2024-08-09 08:00:00+00:00,2025-08-09 00:00:00+00:00
PEP,PEP,stocks,15m,15,1.0,0.02,299,0.5518394648829431,1.1916086763674856,30.08145869999946,-1536.5469000000237,3008.1458699999475,20835,2023-09-27 11:45:00+00:00,2025-09-25 23:45:00+00:00
GOOGL,GOOGL,stocks,15m,15,1.0,0.02,175,0.6857142857142857,2.123032860843963,119.35212199999977,-742.4408000000003,11935.212199999974,15981,2024-08-09 08:00:00+00:00,2025-08-09 00:00:00+00:00
DIA,DIA,stocks,15m,15,1.0,0.02,535,0.6056074766355141,1.5327944399998705,53.100822000003014,-531.3131999999746,5310.0822000003145,25939,2023-08-10 08:00:00+00:00,2025-08-09 00:00:00+00:00
AAPL,AAPL,stocks,15m,15,1.0,0.02,168,0.5238095238095238,1.108054718235815,11.599186999999548,-1682.172200000013,1159.9186999999672,16073,2024-08-09 08:00:00+00:00,2025-08-09 00:00:00+00:00
MSFT,MSFT,stocks,15m,15,1.0,0.02,188,0.5638297872340425,1.304816443527186,29.600552000001223,-1070.8959999999702,2960.055200000119,15612,2024-08-09 08:00:00+00:00,2025-08-09 00:00:00+00:00
AMZN,AMZN,stocks,15m,15,1.0,0.02,206,0.5922330097087378,1.4351998595835842,59.74062499999982,-1670.8832000000057,5974.062499999982,16062,2024-08-09 08:00:00+00:00,2025-08-09 00:00:00+00:00
XLK,XLK,stocks,15m,15,1.0,0.02,515,0.6640776699029126,1.8278326440827484,179.6740619999996,-1164.2896000000019,17967.40619999999,23427,2023-09-27 08:00:00+00:00,2025-09-25 22:45:00+00:00
META,META,stocks,15m,15,1.0,0.02,183,0.6229508196721312,1.464151494526311,56.101993000000924,-1536.561099999976,5610.199300000084,15373,2024-08-09 08:00:00+00:00,2025-08-09 00:00:00+00:00
SPY,SPY,stocks,15m,15,1.0,0.02,300,0.6533333333333333,1.893605517013093,40.63778500000102,-345.606599999991,4063.7785000001,16110,2024-08-09 08:00:00+00:00,2025-08-09 00:00:00+00:00
COST,COST,stocks,15m,15,0.5,0.01,450,0.7311111111111112,1.3213107208399144,35.47915550000078,-755.9211499999874,3547.915550000079,18680,2023-09-27 08:00:00+00:00,2025-09-26 00:00:00+00:00
NFLX,NFLX,stocks,15m,15,0.5,0.01,435,0.7977011494252874,1.9166835919179575,112.59424447500099,-734.2019999999839,11259.424447500089,23440,2023-08-10 08:00:00+00:00,2025-08-08 23:45:00+00:00
QQQ,QQQ,stocks,15m,15,0.5,0.01,288,0.8194444444444444,2.048402249848841,37.60783050000031,-247.36169999998975,3760.7830500000528,16116,2024-08-09 08:00:00+00:00,2025-08-09 00:00:00+00:00
PEP,PEP,stocks,15m,15,0.5,0.01,399,0.7669172932330827,1.6116431382008243,60.15406112999903,-599.7970000000078,6015.406112999923,20835,2023-09-27 11:45:00+00:00,2025-09-25 23:45:00+00:00
GOOGL,GOOGL,stocks,15m,15,0.5,0.01,222,0.7747747747747747,1.6946257520747476,38.435447499999846,-323.1324000000013,3843.5447499999823,15981,2024-08-09 08:00:00+00:00,2025-08-09 00:00:00+00:00
DIA,DIA,stocks,15m,15,0.5,0.01,592,0.7719594594594594,1.5855475285631293,36.76082550000175,-586.5119499999546,3676.082550000194,25939,2023-08-10 08:00:00+00:00,2025-08-09 00:00:00+00:00
AAPL,AAPL,stocks,15m,15,0.5,0.01,226,0.7522123893805309,1.496644793875415,28.269416499999934,-424.94500000000244,2826.9416499999843,16073,2024-08-09 08:00:00+00:00,2025-08-09 00:00:00+00:00
MSFT,MSFT,stocks,15m,15,0.5,0.01,232,0.728448275862069,1.2348708727423208,14.211617500000868,-535.11339999999,1421.1617500000693,15612,2024-08-09 08:00:00+00:00,2025-08-09 00:00:00+00:00
AMZN,AMZN,stocks,15m,15,0.5,0.01,242,0.7396694214876033,1.3935101097106353,26.436832000000017,-983.4983500000037,2643.6831999999913,16062,2024-08-09 08:00:00+00:00,2025-08-09 00:00:00+00:00
XLK,XLK,stocks,15m,15,0.5,0.01,566,0.8321554770318021,2.2729945649259427,130.53391799999997,-792.0494000000108,13053.391800000009,23427,2023-09-27 08:00:00+00:00,2025-09-25 22:45:00+00:00
META,META,stocks,15m,15,0.5,0.01,221,0.751131221719457,1.4971101720926394,28.181374500000423,-467.61479999999574,2818.137450000036,15373,2024-08-09 08:00:00+00:00,2025-08-09 00:00:00+00:00
SPY,SPY,stocks,15m,15,0.5,0.01,313,0.8274760383386581,2.367170469873267,29.929210000000527,-157.1978999999933,2992.921000000055,16110,2024-08-09 08:00:00+00:00,2025-08-09 00:00:00+00:00
COST,COST,stocks,15m,15,0.5,0.02,450,0.7311111111111112,1.34632883734156,44.46066200000083,-938.9972999999845,4446.066200000087,18680,2023-09-27 08:00:00+00:00,2025-09-26 00:00:00+00:00
NFLX,NFLX,stocks,15m,15,0.5,0.02,435,0.7977011494252874,1.7744267573084334,160.10661023000162,-1055.4243999999835,16010.661023000124,23440,2023-08-10 08:00:00+00:00,2025-08-08 23:45:00+00:00
QQQ,QQQ,stocks,15m,15,0.5,0.02,288,0.8194444444444444,2.068214767736008,39.34867800000029,-247.36169999998975,3934.867800000054,16116,2024-08-09 08:00:00+00:00,2025-08-09 00:00:00+00:00
PEP,PEP,stocks,15m,15,0.5,0.02,399,0.7669172932330827,1.505319227162334,62.20676678499921,-940.6252000000104,6220.6766784999145,20835,2023-09-27 11:45:00+00:00,2025-09-25 23:45:00+00:00
GOOGL,GOOGL,stocks,15m,15,0.5,0.02,222,0.7747747747747747,1.6889709843233127,55.247654499999754,-599.2792,5524.765449999974,15981,2024-08-09 08:00:00+00:00,2025-08-09 00:00:00+00:00
DIA,DIA,stocks,15m,15,0.5,0.02,592,0.7719594594594594,1.608313106829885,38.315864500001716,-586.5119499999546,3831.5864500001944,25939,2023-08-10 08:00:00+00:00,2025-08-09 00:00:00+00:00
AAPL,AAPL,stocks,15m,15,0.5,0.02,226,0.7522123893805309,1.523376568436244,38.82262199999992,-644.5780500000042,3882.2621999999824,16073,2024-08-09 08:00:00+00:00,2025-08-09 00:00:00+00:00
MSFT,MSFT,stocks,15m,15,0.5,0.02,232,0.728448275862069,1.1680307011976796,12.669962000000758,-807.3342999999825,1266.9962000000799,15612,2024-08-09 08:00:00+00:00,2025-08-09 00:00:00+00:00
AMZN,AMZN,stocks,15m,15,0.5,0.02,242,0.7396694214876033,1.2970952077875266,27.83292899999988,-1735.7670500000088,2783.2928999999867,16062,2024-08-09 08:00:00+00:00,2025-08-09 00:00:00+00:00
XLK,XLK,stocks,15m,15,0.5,0.02,566,0.8321554770318021,2.28756300173364,141.61040600000013,-843.649700000009,14161.040600000008,23427,2023-09-27 08:00:00+00:00,2025-09-25 22:45:00+00:00
META,META,stocks,15m,15,0.5,0.02,221,0.751131221719457,1.46158160958996,38.32958500000051,-694.7334499999903,3832.958500000049,15373,2024-08-09 08:00:00+00:00,2025-08-09 00:00:00+00:00
SPY,SPY,stocks,15m,15,0.5,0.02,313,0.8274760383386581,2.41279913169959,31.081239000000515,-159.2282999999925,3108.123900000054,16110,2024-08-09 08:00:00+00:00,2025-08-09 00:00:00+00:00
