symbol,name,category,interval,orb_duration,tp_multiplier,risk_per_trade,total_trades,win_rate,profit_factor,return_pct,max_drawdown,total_pnl
MNQ=F,Micro Nasdaq,futures,5m,5,2.0,0.01,56,0.5357142857142857,2.170021098577745,21.469947999999423,-268.25140000001556,2146.994799999942
NQ=F,Nasdaq Futures,futures,5m,5,2.0,0.01,53,0.4528301886792453,1.748346734071414,14.757440999999345,-315.0016000000178,1475.7440999999344
GC=F,Gold,commodities,5m,5,2.0,0.01,59,0.5423728813559322,2.4579328666077096,5.589891999999781,-65.60218593750324,558.9891999999782
GLD,Gold ETF,commodities,5m,5,2.0,0.01,58,0.46551724137931033,1.5930620187142213,3.747659533203805,-230.76788964841717,374.7659533203656
AAPL,Apple,stocks,5m,5,2.0,0.01,58,0.3103448275862069,0.852782758632818,-4.193089340820425,-1098.6141154785178,-419.30893408203997
MSFT,Microsoft,stocks,5m,5,2.0,0.01,53,0.37735849056603776,1.0461219065669178,0.9900213896487913,-739.9520772949093,99.00213896487412
GOOGL,Google,stocks,5m,5,2.0,0.01,52,0.23076923076923078,0.549882930045181,-13.92110101171873,-1747.4548206054737,-1392.110101171877
AMZN,Amazon,stocks,5m,5,2.0,0.01,52,0.36538461538461536,1.1176594522479457,2.9747065895995184,-700.6466959960995,297.4706589599554
TSLA,Tesla,stocks,5m,5,2.0,0.01,56,0.26785714285714285,0.6665316622999677,-11.744567622069953,-1930.2114773925568,-1174.4567622069928
SPY,S&P 500 ETF,stocks,5m,5,2.0,0.01,61,0.3770491803278688,1.3251996943294302,1.8355733603520095,-140.16567246092836,183.55733603518502
QQQ,Nasdaq ETF,stocks,5m,5,2.0,0.01,58,0.4827586206896552,1.9930862332479284,8.194681511718773,-164.01293085936777,819.4681511719018
MNQ=F,Micro Nasdaq,futures,5m,5,2.0,0.02,56,0.5357142857142857,2.170021098577745,21.469947999999423,-268.25140000001556,2146.994799999942
NQ=F,Nasdaq Futures,futures,5m,5,2.0,0.02,53,0.4528301886792453,1.748346734071414,14.757440999999345,-315.0016000000178,1475.7440999999344
GC=F,Gold,commodities,5m,5,2.0,0.02,59,0.5423728813559322,2.4579328666077096,5.589891999999781,-65.60218593750324,558.9891999999782
GLD,Gold ETF,commodities,5m,5,2.0,0.02,58,0.46551724137931033,1.5930620187142213,3.747659533203805,-230.76788964841717,374.7659533203656
AAPL,Apple,stocks,5m,5,2.0,0.02,58,0.3103448275862069,0.856922401325228,-4.432875729248117,-1328.0013866699194,-443.28757292481146
MSFT,Microsoft,stocks,5m,5,2.0,0.02,53,0.37735849056603776,0.9552944008302114,-1.0496171733395387,-844.1216258788938,-104.96171733395408
GOOGL,Google,stocks,5m,5,2.0,0.02,52,0.23076923076923078,0.5012804488416146,-17.147412837890588,-2069.086399951178,-1714.7412837890652
AMZN,Amazon,stocks,5m,5,2.0,0.02,52,0.36538461538461536,1.1251417477548642,3.718966580810411,-965.4728603759899,371.89665808104763
TSLA,Tesla,stocks,5m,5,2.0,0.02,56,0.26785714285714285,0.5887014934977265,-19.73142568701116,-2865.4577251952705,-1973.1425687011222
SPY,S&P 500 ETF,stocks,5m,5,2.0,0.02,61,0.3770491803278688,1.3251996943294302,1.8355733603520095,-140.16567246092836,183.55733603518502
QQQ,Nasdaq ETF,stocks,5m,5,2.0,0.02,58,0.4827586206896552,1.9930862332479284,8.194681511718773,-164.01293085936777,819.4681511719018
MNQ=F,Micro Nasdaq,futures,5m,5,1.0,0.01,60,0.7166666666666667,2.4805710539994155,17.15246599999962,-228.00040000000445,1715.2465999999622
NQ=F,Nasdaq Futures,futures,5m,5,1.0,0.01,57,0.7017543859649122,2.4699440239458275,17.304965999999624,-266.25120000001334,1730.4965999999622
GC=F,Gold,commodities,5m,5,1.0,0.01,59,0.6440677966101694,1.7618284805676092,2.34192771874983,-42.601697656253236,234.192771874983
GLD,Gold ETF,commodities,5m,5,1.0,0.01,58,0.6551724137931034,1.820933634744835,3.3481267983401994,-57.210584472650226,334.8126798340158
AAPL,Apple,stocks,5m,5,1.0,0.01,58,0.5,0.9208889807822791,-1.7282725354004835,-843.9139520019617,-172.82725354005024
MSFT,Microsoft,stocks,5m,5,1.0,0.01,53,0.5283018867924528,0.9831856257158098,-0.2758428940426711,-715.2040712890488,-27.584289404273136
GOOGL,Google,stocks,5m,5,1.0,0.01,54,0.3888888888888889,0.582417693992064,-11.0583060898437,-1431.9925464843757,-1105.830608984373
AMZN,Amazon,stocks,5m,5,1.0,0.01,54,0.5185185185185185,1.0573193853205272,1.146550207763612,-544.8031235595838,114.65502077635546
TSLA,Tesla,stocks,5m,5,1.0,0.01,56,0.5178571428571429,1.0565285822341715,1.4097864702150946,-1063.6118739257631,140.97864702151196
SPY,S&P 500 ETF,stocks,5m,5,1.0,0.01,63,0.5873015873015873,1.5549384448011767,2.0940361152346854,-56.69112187499468,209.40361152345713
QQQ,Nasdaq ETF,stocks,5m,5,1.0,0.01,59,0.6779661016949152,2.193859568089503,6.138206070312572,-110.74332382811963,613.8206070312667
MNQ=F,Micro Nasdaq,futures,5m,5,1.0,0.02,60,0.7166666666666667,2.4805710539994155,17.15246599999962,-228.00040000000445,1715.2465999999622
NQ=F,Nasdaq Futures,futures,5m,5,1.0,0.02,57,0.7017543859649122,2.4699440239458275,17.304965999999624,-266.25120000001334,1730.4965999999622
GC=F,Gold,commodities,5m,5,1.0,0.02,59,0.6440677966101694,1.7618284805676092,2.34192771874983,-42.601697656253236,234.192771874983
GLD,Gold ETF,commodities,5m,5,1.0,0.02,58,0.6551724137931034,1.820933634744835,3.3481267983401994,-57.210584472650226,334.8126798340158
AAPL,Apple,stocks,5m,5,1.0,0.02,58,0.5,0.9181905937398787,-1.9628913168946382,-1061.4941942138748,-196.28913168946468
MSFT,Microsoft,stocks,5m,5,1.0,0.02,53,0.5283018867924528,0.8617073902703577,-2.558288665527107,-823.3994137695177,-255.8288665527105
GOOGL,Google,stocks,5m,5,1.0,0.02,54,0.3888888888888889,0.5371711399697975,-13.81326948046877,-1688.683665234376,-1381.3269480468734
AMZN,Amazon,stocks,5m,5,1.0,0.02,54,0.5185185185185185,1.0424391097284444,1.0020611147460294,-717.7676654541165,100.20611147459547
TSLA,Tesla,stocks,5m,5,1.0,0.02,56,0.5178571428571429,1.0503219297374105,1.75189419238317,-1546.5983395019273,175.1894192383187
SPY,S&P 500 ETF,stocks,5m,5,1.0,0.02,63,0.5873015873015873,1.5549384448011767,2.0940361152346854,-56.69112187499468,209.40361152345713
QQQ,Nasdaq ETF,stocks,5m,5,1.0,0.02,59,0.6779661016949152,2.193859568089503,6.138206070312572,-110.74332382811963,613.8206070312667
MNQ=F,Micro Nasdaq,futures,5m,5,0.5,0.01,60,0.9,4.2410227178663895,13.782487999999868,-114.00020000000222,1378.2487999999867
NQ=F,Nasdaq Futures,futures,5m,5,0.5,0.01,60,0.9166666666666666,6.271762520343437,16.487489999999887,-90.50020000000222,1648.7489999999889
GC=F,Gold,commodities,5m,5,0.5,0.01,59,0.8813559322033898,3.968314371391975,2.8199817656249437,-23.40030234375081,281.99817656249434
GLD,Gold ETF,commodities,5m,5,0.5,0.01,58,0.8620689655172413,2.9652906240689663,3.271493680664207,-48.73350312499679,327.1493680664207
AAPL,Apple,stocks,5m,5,0.5,0.01,58,0.6551724137931034,0.8536675571558188,-2.2765090140381474,-598.7726662719735,-227.65090140381434
MSFT,Microsoft,stocks,5m,5,0.5,0.01,53,0.6792452830188679,0.9997066257235339,-0.003198790038859442,-395.99278935545584,-0.3198790038895254
GOOGL,Google,stocks,5m,5,0.5,0.01,56,0.6964285714285714,1.0298087605921162,0.4458360666503176,-495.82162011718356,44.58360666503515
AMZN,Amazon,stocks,5m,5,0.5,0.01,54,0.7592592592592593,1.4765718743049376,5.073763101806453,-206.97872331543215,507.37631018065326
TSLA,Tesla,stocks,5m,5,0.5,0.01,56,0.7321428571428571,1.365425315452443,5.252655064697429,-462.0174589355379,525.265506469743
SPY,S&P 500 ETF,stocks,5m,5,0.5,0.01,63,0.7936507936507936,2.448109405511008,2.366956191406407,-23.557025390623494,236.6956191406348
QQQ,Nasdaq ETF,stocks,5m,5,0.5,0.01,59,0.9322033898305084,6.701211290542514,6.501985990722678,-39.423643945311596,650.1985990722692
MNQ=F,Micro Nasdaq,futures,5m,5,0.5,0.02,60,0.9,4.2410227178663895,13.782487999999868,-114.00020000000222,1378.2487999999867
NQ=F,Nasdaq Futures,futures,5m,5,0.5,0.02,60,0.9166666666666666,6.271762520343437,16.487489999999887,-90.50020000000222,1648.7489999999889
GC=F,Gold,commodities,5m,5,0.5,0.02,59,0.8813559322033898,3.968314371391975,2.8199817656249437,-23.40030234375081,281.99817656249434
GLD,Gold ETF,commodities,5m,5,0.5,0.02,58,0.8620689655172413,2.9652906240689663,3.271493680664207,-48.73350312499679,327.1493680664207
AAPL,Apple,stocks,5m,5,0.5,0.02,58,0.6551724137931034,0.832704486730328,-2.8874947540283937,-754.4279223144531,-288.74947540283705
MSFT,Microsoft,stocks,5m,5,0.5,0.02,53,0.6792452830188679,1.1007930292664752,1.1064087211916012,-340.4320321288933,110.6408721191574
GOOGL,Google,stocks,5m,5,0.5,0.02,56,0.6964285714285714,0.8853151078114332,-2.0778346810303265,-673.5078656982391,-207.78346810303236
AMZN,Amazon,stocks,5m,5,0.5,0.02,54,0.7592592592592593,1.3587954498801371,4.785035253661954,-259.45220246582346,478.50352536619926
TSLA,Tesla,stocks,5m,5,0.5,0.02,56,0.7321428571428571,1.3124398472623784,6.5649827319338145,-697.8993826904161,656.4982731933826
SPY,S&P 500 ETF,stocks,5m,5,0.5,0.02,63,0.7936507936507936,2.448109405511008,2.366956191406407,-23.557025390623494,236.6956191406348
QQQ,Nasdaq ETF,stocks,5m,5,0.5,0.02,59,0.9322033898305084,6.701211290542514,6.501985990722678,-39.423643945311596,650.1985990722692
MNQ=F,Micro Nasdaq,futures,5m,15,2.0,0.01,37,0.6216216216216216,2.934481744699052,27.09247099999968,-361.50040000000445,2709.2470999999678
NQ=F,Nasdaq Futures,futures,5m,15,2.0,0.01,34,0.5294117647058824,2.2792818104045316,19.54746699999963,-363.00040000000445,1954.7466999999633
GC=F,Gold,commodities,5m,15,2.0,0.01,51,0.5882352941176471,2.5811911151700953,7.3178987226560634,-84.90194648437864,731.7898722656064
GLD,Gold ETF,commodities,5m,15,2.0,0.01,50,0.54,2.218934843125676,7.6971455483402496,-176.4720517089636,769.7145548340227
AAPL,Apple,stocks,5m,15,2.0,0.01,53,0.2641509433962264,0.7353246159457372,-7.89184191943361,-1192.54410014648,-789.1841919433598
MSFT,Microsoft,stocks,5m,15,2.0,0.01,51,0.35294117647058826,0.9530665920433691,-1.1427785053706976,-749.4819229003792,-114.27785053707316
GOOGL,Google,stocks,5m,15,2.0,0.01,45,0.2222222222222222,0.5821993702792386,-12.198575810546863,-1637.8569940917967,-1219.8575810546863
AMZN,Amazon,stocks,5m,15,2.0,0.01,45,0.3333333333333333,0.9536386049328549,-1.1637689082030556,-733.6761613769531,-116.37689082031062
TSLA,Tesla,stocks,5m,15,2.0,0.01,54,0.2222222222222222,0.5233085445887865,-16.749233304687223,-1828.3265103027013,-1674.9233304687164
SPY,S&P 500 ETF,stocks,5m,15,2.0,0.01,58,0.3793103448275862,1.3756517831784265,2.776739083008215,-183.40872490232914,277.67390830080876
QQQ,Nasdaq ETF,stocks,5m,15,2.0,0.01,47,0.48936170212765956,1.8857544040608236,8.268636403320343,-257.07152460936777,826.8636403320529
MNQ=F,Micro Nasdaq,futures,5m,15,2.0,0.02,37,0.6216216216216216,2.934481744699052,27.09247099999968,-361.50040000000445,2709.2470999999678
NQ=F,Nasdaq Futures,futures,5m,15,2.0,0.02,34,0.5294117647058824,2.2792818104045316,19.54746699999963,-363.00040000000445,1954.7466999999633
GC=F,Gold,commodities,5m,15,2.0,0.02,51,0.5882352941176471,2.5811911151700953,7.3178987226560634,-84.90194648437864,731.7898722656064
GLD,Gold ETF,commodities,5m,15,2.0,0.02,50,0.54,2.218934843125676,7.6971455483402496,-176.4720517089636,769.7145548340227
AAPL,Apple,stocks,5m,15,2.0,0.02,53,0.2641509433962264,0.6674530774831625,-11.327211428710907,-1562.8801510742146,-1132.7211428710937
MSFT,Microsoft,stocks,5m,15,2.0,0.02,51,0.35294117647058826,0.8775549727459203,-3.286842248046487,-863.6123103515511,-328.684224804651
GOOGL,Google,stocks,5m,15,2.0,0.02,45,0.2222222222222222,0.5891167344833843,-14.770863061035161,-2003.9467115722662,-1477.0863061035138
AMZN,Amazon,stocks,5m,15,2.0,0.02,45,0.3333333333333333,0.8183376563263839,-6.056662760986401,-1297.137083642582,-605.6662760986349
TSLA,Tesla,stocks,5m,15,2.0,0.02,54,0.2222222222222222,0.5232979509376926,-25.227508980468283,-2733.6855081054437,-2522.750898046828
SPY,S&P 500 ETF,stocks,5m,15,2.0,0.02,58,0.3793103448275862,1.3756517831784265,2.776739083008215,-183.40872490232914,277.67390830080876
QQQ,Nasdaq ETF,stocks,5m,15,2.0,0.02,47,0.48936170212765956,1.8857544040608236,8.268636403320343,-257.07152460936777,826.8636403320529
MNQ=F,Micro Nasdaq,futures,5m,15,1.0,0.01,50,0.72,2.411025858320088,19.50747199999969,-231.00040000000445,1950.7471999999689
NQ=F,Nasdaq Futures,futures,5m,15,1.0,0.01,50,0.68,2.2216069869181236,18.342467999999645,-231.50020000000222,1834.2467999999644
GC=F,Gold,commodities,5m,15,1.0,0.01,54,0.6111111111111112,1.3535166662596194,1.6329218124998262,-95.80509296875971,163.2921812499826
GLD,Gold ETF,commodities,5m,15,1.0,0.01,52,0.6538461538461539,1.729435411022196,3.6355420581057842,-96.66622499999357,363.5542058105771
AAPL,Apple,stocks,5m,15,1.0,0.01,53,0.4528301886792453,0.8594637431210278,-3.2629676862792256,-900.4170948730425,-326.2967686279276
MSFT,Microsoft,stocks,5m,15,1.0,0.01,51,0.49019607843137253,0.8198551793822376,-3.4934333950192373,-656.3589599121001,-349.3433395019273
GOOGL,Google,stocks,5m,15,1.0,0.01,46,0.34782608695652173,0.5067346632756691,-12.648757687988235,-1634.1566732421827,-1264.8757687988243
AMZN,Amazon,stocks,5m,15,1.0,0.01,46,0.4782608695652174,0.8985212500394318,-2.0024861057129235,-676.2930746826235,-200.24861057129533
TSLA,Tesla,stocks,5m,15,1.0,0.01,54,0.48148148148148145,0.9115126226767517,-2.2676087939450373,-1281.8592886230322,-226.76087939450753
SPY,S&P 500 ETF,stocks,5m,15,1.0,0.01,60,0.5666666666666667,1.6538731957059492,3.2080336835940395,-72.41579062499613,320.8033683593949
QQQ,Nasdaq ETF,stocks,5m,15,1.0,0.01,55,0.6727272727272727,2.1886516837395886,7.941872986328162,-116.29839550780798,794.1872986328285
MNQ=F,Micro Nasdaq,futures,5m,15,1.0,0.02,50,0.72,2.411025858320088,19.50747199999969,-231.00040000000445,1950.7471999999689
NQ=F,Nasdaq Futures,futures,5m,15,1.0,0.02,50,0.68,2.2216069869181236,18.342467999999645,-231.50020000000222,1834.2467999999644
GC=F,Gold,commodities,5m,15,1.0,0.02,54,0.6111111111111112,1.3535166662596194,1.6329218124998262,-95.80509296875971,163.2921812499826
GLD,Gold ETF,commodities,5m,15,1.0,0.02,52,0.6538461538461539,1.729435411022196,3.6355420581057842,-96.66622499999357,363.5542058105771
AAPL,Apple,stocks,5m,15,1.0,0.02,53,0.4528301886792453,0.8640027510130723,-3.640817505859359,-1196.0499755859328,-364.08175058593565
MSFT,Microsoft,stocks,5m,15,1.0,0.02,51,0.49019607843137253,0.7381918227569685,-5.679796402831744,-771.2466683105376,-567.979640283177
GOOGL,Google,stocks,5m,15,1.0,0.02,46,0.34782608695652173,0.45905078953868816,-17.381719687499952,-2136.312765356441,-1738.1719687499967
AMZN,Amazon,stocks,5m,15,1.0,0.02,46,0.4782608695652174,0.8889783337704922,-2.8010887941895635,-935.4217356445445,-280.10887941895385
TSLA,Tesla,stocks,5m,15,1.0,0.02,54,0.48148148148148145,0.9316619018898243,-2.7417649194333356,-2110.546158740216,-274.17649194332506
SPY,S&P 500 ETF,stocks,5m,15,1.0,0.02,60,0.5666666666666667,1.6538731957059492,3.2080336835940395,-72.41579062499613,320.8033683593949
QQQ,Nasdaq ETF,stocks,5m,15,1.0,0.02,55,0.6727272727272727,2.1886516837395886,7.941872986328162,-116.29839550780798,794.1872986328285
MNQ=F,Micro Nasdaq,futures,5m,15,0.5,0.01,54,0.7962962962962963,1.9059798655745552,9.311227999999755,-231.00040000000445,931.1227999999755
NQ=F,Nasdaq Futures,futures,5m,15,0.5,0.01,54,0.8148148148148148,2.315415469124805,11.963729999999778,-231.50020000000222,1196.3729999999778
GC=F,Gold,commodities,5m,15,0.5,0.01,54,0.7962962962962963,1.801191490234818,1.892451117187411,-59.502244140629045,189.2451117187411
GLD,Gold ETF,commodities,5m,15,0.5,0.01,52,0.8076923076923077,2.062636793969116,2.8153868620607136,-49.806109863279744,281.53868620607057
AAPL,Apple,stocks,5m,15,0.5,0.01,53,0.6037735849056604,0.7618891876927448,-4.074447818725584,-667.748928564455,-407.4447818725622
MSFT,Microsoft,stocks,5m,15,0.5,0.01,51,0.6078431372549019,0.684161738095371,-4.629939213134531,-637.1909301513538,-462.99392131345667
GOOGL,Google,stocks,5m,15,0.5,0.01,48,0.6666666666666666,0.9642359334449552,-0.5278877744141028,-399.0136208374039,-52.78877744140894
AMZN,Amazon,stocks,5m,15,0.5,0.01,46,0.6956521739130435,1.093087371719484,1.107951154541006,-436.7014822998089,110.79511545410026
TSLA,Tesla,stocks,5m,15,0.5,0.01,54,0.6851851851851852,1.084573486471149,1.3659667290040671,-749.0802172363208,136.5966729004055
SPY,S&P 500 ETF,stocks,5m,15,0.5,0.01,60,0.75,1.8410553361756958,2.3070564086915875,-78.17956933593223,230.70564086915192
QQQ,Nasdaq ETF,stocks,5m,15,0.5,0.01,55,0.8181818181818182,2.5742339541308312,5.339903770019555,-68.04772734374819,533.9903770019619
MNQ=F,Micro Nasdaq,futures,5m,15,0.5,0.02,54,0.7962962962962963,1.9059798655745552,9.311227999999755,-231.00040000000445,931.1227999999755
NQ=F,Nasdaq Futures,futures,5m,15,0.5,0.02,54,0.8148148148148148,2.315415469124805,11.963729999999778,-231.50020000000222,1196.3729999999778
GC=F,Gold,commodities,5m,15,0.5,0.02,54,0.7962962962962963,1.801191490234818,1.892451117187411,-59.502244140629045,189.2451117187411
GLD,Gold ETF,commodities,5m,15,0.5,0.02,52,0.8076923076923077,2.062636793969116,2.8153868620607136,-49.806109863279744,281.53868620607057
AAPL,Apple,stocks,5m,15,0.5,0.02,53,0.6037735849056604,0.7456878426157874,-5.067199480468807,-887.3704082641628,-506.7199480468788
MSFT,Microsoft,stocks,5m,15,0.5,0.02,51,0.6078431372549019,0.6520922354176264,-5.650191332030991,-685.1633150878729,-565.0191332031045
GOOGL,Google,stocks,5m,15,0.5,0.02,48,0.6666666666666666,0.7941750177301873,-4.181274894409198,-682.6061200195352,-418.1274894409222
AMZN,Amazon,stocks,5m,15,0.5,0.02,46,0.6956521739130435,0.9894031521938723,-0.17174607934572123,-601.8022324096742,-17.174607934572236
TSLA,Tesla,stocks,5m,15,0.5,0.02,54,0.6851851851851852,1.0269345759617006,0.7162508735353913,-1384.8803931396362,71.62508735353828
SPY,S&P 500 ETF,stocks,5m,15,0.5,0.02,60,0.75,1.8410553361756958,2.3070564086915875,-78.17956933593223,230.70564086915192
QQQ,Nasdaq ETF,stocks,5m,15,0.5,0.02,55,0.8181818181818182,2.5742339541308312,5.339903770019555,-68.04772734374819,533.9903770019619
MNQ=F,Micro Nasdaq,futures,15m,15,2.0,0.01,30,0.5333333333333333,2.1882101975528556,19.5074729999997,-406.75040000000445,1950.74729999997
NQ=F,Nasdaq Futures,futures,15m,15,2.0,0.01,27,0.48148148148148145,1.8426126322907104,14.334970999999678,-406.50040000000445,1433.4970999999678
GC=F,Gold,commodities,15m,15,2.0,0.01,39,0.6410256410256411,3.5802164063391317,9.208944113281104,-102.30062812500364,920.8944113281104
GLD,Gold ETF,commodities,15m,15,2.0,0.01,42,0.5952380952380952,3.211544184454827,11.46118888378931,-162.7267453124855,1146.1188883789318
AAPL,Apple,stocks,15m,15,2.0,0.01,48,0.16666666666666666,0.4069880109526349,-18.215592062011744,-2061.736765185545,-1821.559206201174
MSFT,Microsoft,stocks,15m,15,2.0,0.01,39,0.23076923076923078,0.5826766852648034,-9.182289024413786,-901.6387250976327,-918.2289024413782
GOOGL,Google,stocks,15m,15,2.0,0.01,39,0.2564102564102564,0.6485502363633461,-8.937294124999989,-1162.3816144531283,-893.7294125000009
AMZN,Amazon,stocks,15m,15,2.0,0.01,38,0.3157894736842105,0.8644082611787249,-3.0956622717284517,-679.5219059326155,-309.56622717284347
TSLA,Tesla,stocks,15m,15,2.0,0.01,42,0.2619047619047619,0.6369250781230699,-10.00039295654271,-1281.0293866210698,-1000.0392956542698
SPY,S&P 500 ETF,stocks,15m,15,2.0,0.01,48,0.375,1.2058440881620816,1.6720197255862514,-357.3509246093604,167.20197255861694
QQQ,Nasdaq ETF,stocks,15m,15,2.0,0.01,38,0.47368421052631576,1.6653334640133035,6.314444052734452,-275.41829970702156,631.4444052734552
MNQ=F,Micro Nasdaq,futures,15m,15,2.0,0.02,30,0.5333333333333333,2.1882101975528556,19.5074729999997,-406.75040000000445,1950.74729999997
NQ=F,Nasdaq Futures,futures,15m,15,2.0,0.02,27,0.48148148148148145,1.8426126322907104,14.334970999999678,-406.50040000000445,1433.4970999999678
GC=F,Gold,commodities,15m,15,2.0,0.02,39,0.6410256410256411,3.5802164063391317,9.208944113281104,-102.30062812500364,920.8944113281104
GLD,Gold ETF,commodities,15m,15,2.0,0.02,42,0.5952380952380952,3.211544184454827,11.46118888378931,-162.7267453124855,1146.1188883789318
AAPL,Apple,stocks,15m,15,2.0,0.02,48,0.16666666666666666,0.3912331644676605,-22.690692157226586,-2657.16957651367,-2269.06921572266
MSFT,Microsoft,stocks,15m,15,2.0,0.02,39,0.23076923076923078,0.5443024186510572,-11.310059464843599,-1085.2114970702846,-1131.0059464843464
GOOGL,Google,stocks,15m,15,2.0,0.02,39,0.2564102564102564,0.5956857912663676,-13.420319406738217,-1664.8923519043017,-1342.031940673829
AMZN,Amazon,stocks,15m,15,2.0,0.02,38,0.3157894736842105,0.7798363316800266,-6.9254952224120645,-1076.966657666014,-692.5495222412068
TSLA,Tesla,stocks,15m,15,2.0,0.02,42,0.2619047619047619,0.6329850457681473,-15.99653072314415,-2000.684096728483,-1599.6530723144149
SPY,S&P 500 ETF,stocks,15m,15,2.0,0.02,48,0.375,1.2058440881620816,1.6720197255862514,-357.3509246093604,167.20197255861694
QQQ,Nasdaq ETF,stocks,15m,15,2.0,0.02,38,0.47368421052631576,1.6413665225080283,6.22032611425786,-296.20887773436516,622.0326114257991
MNQ=F,Micro Nasdaq,futures,15m,15,1.0,0.01,43,0.6976744186046512,1.8735020723057698,14.24247399999971,-406.75040000000445,1424.247399999971
NQ=F,Nasdaq Futures,futures,15m,15,1.0,0.01,40,0.675,1.830931234045169,13.56497399999971,-406.50040000000445,1356.497399999971
GC=F,Gold,commodities,15m,15,1.0,0.01,46,0.6739130434782609,2.298077823236981,4.005940976562378,-79.40052578125324,400.59409765623786
GLD,Gold ETF,commodities,15m,15,1.0,0.01,44,0.7045454545454546,2.3255961986648384,5.45856490185568,-157.16394062498875,545.8564901855677
AAPL,Apple,stocks,15m,15,1.0,0.01,48,0.3958333333333333,0.6676404182681521,-8.03878152954092,-1280.5801028320261,-803.8781529540956
MSFT,Microsoft,stocks,15m,15,1.0,0.01,40,0.425,0.6583640663728636,-5.9312503139645925,-552.500692333971,-593.1250313964633
GOOGL,Google,stocks,15m,15,1.0,0.01,41,0.3902439024390244,0.6225308984661139,-8.444346135986306,-1103.403234399415,-844.4346135986328
AMZN,Amazon,stocks,15m,15,1.0,0.01,39,0.46153846153846156,0.784138575056171,-4.035223923339872,-554.6373978271533,-403.5223923339885
TSLA,Tesla,stocks,15m,15,1.0,0.01,42,0.42857142857142855,0.7146795845761427,-6.174122127441187,-1180.6431560058454,-617.4122127441191
SPY,S&P 500 ETF,stocks,15m,15,1.0,0.01,50,0.56,1.1069832190824784,0.6687970595705701,-277.1197053710839,66.87970595704792
QQQ,Nasdaq ETF,stocks,15m,15,1.0,0.01,45,0.6444444444444445,1.676015928349511,5.01404140234381,-246.59230048827703,501.4041402343887
MNQ=F,Micro Nasdaq,futures,15m,15,1.0,0.02,43,0.6976744186046512,1.8735020723057698,14.24247399999971,-406.75040000000445,1424.247399999971
NQ=F,Nasdaq Futures,futures,15m,15,1.0,0.02,40,0.675,1.830931234045169,13.56497399999971,-406.50040000000445,1356.497399999971
GC=F,Gold,commodities,15m,15,1.0,0.02,46,0.6739130434782609,2.298077823236981,4.005940976562378,-79.40052578125324,400.59409765623786
GLD,Gold ETF,commodities,15m,15,1.0,0.02,44,0.7045454545454546,2.3255961986648384,5.45856490185568,-157.16394062498875,545.8564901855677
AAPL,Apple,stocks,15m,15,1.0,0.02,48,0.3958333333333333,0.6705806779881007,-9.85367645239252,-1793.8777736083935,-985.3676452392533
MSFT,Microsoft,stocks,15m,15,1.0,0.02,40,0.425,0.5890450548868237,-8.301941760742011,-808.0797857421734,-830.1941760741971
GOOGL,Google,stocks,15m,15,1.0,0.02,41,0.3902439024390244,0.5848511701350391,-12.145465418701134,-1553.8560440185552,-1214.546541870116
AMZN,Amazon,stocks,15m,15,1.0,0.02,39,0.46153846153846156,0.710968209907541,-7.482342776611331,-942.3792514160248,-748.2342776611407
TSLA,Tesla,stocks,15m,15,1.0,0.02,42,0.42857142857142855,0.7278668898353722,-9.37746071972624,-1946.9092012695116,-937.746071972625
SPY,S&P 500 ETF,stocks,15m,15,1.0,0.02,50,0.56,1.1069832190824784,0.6687970595705701,-277.1197053710839,66.87970595704792
QQQ,Nasdaq ETF,stocks,15m,15,1.0,0.02,45,0.6444444444444445,1.6202326310458863,4.772227372070392,-274.31307119140183,477.22273720704516
MNQ=F,Micro Nasdaq,futures,15m,15,0.5,0.01,46,0.8260869565217391,1.611263881525975,7.121233999999823,-286.0002000000022,712.1233999999822
NQ=F,Nasdaq Futures,futures,15m,15,0.5,0.01,46,0.782608695652174,1.4539438884862914,5.938729999999778,-286.0002000000022,593.8729999999778
GC=F,Gold,commodities,15m,15,0.5,0.01,48,0.8333333333333334,2.7554216165862493,2.88246189648431,-34.80069296875081,288.246189648431
GLD,Gold ETF,commodities,15m,15,0.5,0.01,45,0.8888888888888888,3.644324353643285,4.457597938232502,-45.88654057616856,445.7597938232504
AAPL,Apple,stocks,15m,15,0.5,0.01,48,0.5625,0.6294228352202561,-6.594470161376921,-971.0445349365226,-659.4470161376968
MSFT,Microsoft,stocks,15m,15,0.5,0.01,40,0.65,0.8124383033289111,-2.096899274413881,-417.0926820556542,-209.68992744139234
GOOGL,Google,stocks,15m,15,0.5,0.01,43,0.6976744186046512,1.1257474528533995,1.548382106811532,-415.2012581298836,154.83821068115336
AMZN,Amazon,stocks,15m,15,0.5,0.01,40,0.725,1.2714888254786572,2.6468090677489817,-274.99876265869455,264.6809067749007
TSLA,Tesla,stocks,15m,15,0.5,0.01,42,0.6666666666666666,0.993324888236913,-0.08637486791978517,-789.8835249267471,-8.637486791979086
SPY,S&P 500 ETF,stocks,15m,15,0.5,0.01,52,0.8076923076923077,1.665770441989588,2.083022279785273,-136.88111503905793,208.3022279785232
QQQ,Nasdaq ETF,stocks,15m,15,0.5,0.01,47,0.8085106382978723,1.701467372163756,3.2484926918945707,-245.44811748046368,324.84926918946076
MNQ=F,Micro Nasdaq,futures,15m,15,0.5,0.02,46,0.8260869565217391,1.611263881525975,7.121233999999823,-286.0002000000022,712.1233999999822
NQ=F,Nasdaq Futures,futures,15m,15,0.5,0.02,46,0.782608695652174,1.4539438884862914,5.938729999999778,-286.0002000000022,593.8729999999778
GC=F,Gold,commodities,15m,15,0.5,0.02,48,0.8333333333333334,2.7554216165862493,2.88246189648431,-34.80069296875081,288.246189648431
GLD,Gold ETF,commodities,15m,15,0.5,0.02,45,0.8888888888888888,3.644324353643285,4.457597938232502,-45.88654057616856,445.7597938232504
AAPL,Apple,stocks,15m,15,0.5,0.02,48,0.5625,0.590520096018707,-9.233372314453154,-1396.9589779296864,-923.3372314453148
MSFT,Microsoft,stocks,15m,15,0.5,0.02,40,0.65,0.7312457247056214,-3.5449140788572913,-599.049423388661,-354.4914078857276
GOOGL,Google,stocks,15m,15,0.5,0.02,43,0.6976744186046512,0.8962241535398804,-1.8933114074706645,-656.2871019531253,-189.33114074707038
AMZN,Amazon,stocks,15m,15,0.5,0.02,40,0.725,1.2479778531957604,3.2702132374267423,-284.07637661133117,327.0213237426748
TSLA,Tesla,stocks,15m,15,0.5,0.02,42,0.6666666666666666,0.9800958536420287,-0.42372146362284185,-1353.775605590805,-42.372146362285434
SPY,S&P 500 ETF,stocks,15m,15,0.5,0.02,52,0.8076923076923077,1.665770441989588,2.083022279785273,-136.88111503905793,208.3022279785232
QQQ,Nasdaq ETF,stocks,15m,15,0.5,0.02,47,0.8085106382978723,1.6111669440825556,2.9997319453125235,-273.1688881835885,299.97319453125783
