Datetime,Open,High,Low,Close,Volume,Dividends,Stock Splits,Symbol
2025-06-26 10:30:00-04:00,69.48500061035156,69.49579620361328,69.1449966430664,69.29000091552734,0,0.0,0.0,KO
2025-06-26 11:30:00-04:00,69.30000305175781,69.36499786376953,69.16500091552734,69.31500244140625,1018001,0.0,0.0,KO
2025-06-26 12:30:00-04:00,69.31500244140625,69.375,69.20999908447266,69.31500244140625,851687,0.0,0.0,KO
2025-06-26 13:30:00-04:00,69.31999969482422,69.41999816894531,69.18000030517578,69.18000030517578,1413560,0.0,0.0,KO
2025-06-26 14:30:00-04:00,69.18000030517578,69.41999816894531,69.1500015258789,69.375,1452574,0.0,0.0,KO
2025-06-26 15:30:00-04:00,69.37999725341797,69.52999877929688,69.2300033569336,69.49500274658203,2528274,0.0,0.0,KO
2025-06-26 16:00:00-04:00,69.47,69.55,69.2061,69.445,0,0.0,0.0,KO
2025-06-26 17:00:00-04:00,69.53,69.54,69.36,69.53,0,0.0,0.0,KO
2025-06-26 18:00:00-04:00,69.53,69.55,69.47,69.54,0,0.0,0.0,KO
2025-06-26 19:00:00-04:00,69.55,69.55,69.49,69.54,0,0.0,0.0,KO
2025-06-27 04:00:00-04:00,69.54,69.8,69.49,69.54,0,0.0,0.0,KO
2025-06-27 05:00:00-04:00,69.55,69.55,69.5,69.54,0,0.0,0.0,KO
2025-06-27 06:00:00-04:00,69.55,69.56,69.53,69.55,0,0.0,0.0,KO
2025-06-27 07:00:00-04:00,69.54,69.55,69.51,69.54,0,0.0,0.0,KO
2025-06-27 08:00:00-04:00,69.52,69.9088,69.45,69.54,0,0.0,0.0,KO
2025-06-27 09:00:00-04:00,69.54,69.58,69.49,69.56,0,0.0,0.0,KO
2025-06-27 09:30:00-04:00,69.58999633789062,70.13999938964844,69.47000122070312,70.07499694824219,2464506,0.0,0.0,KO
2025-06-27 10:30:00-04:00,70.07499694824219,70.22509765625,70.02999877929688,70.0801010131836,1691451,0.0,0.0,KO
2025-06-27 11:30:00-04:00,70.08499908447266,70.36000061035156,70.06999969482422,70.33999633789062,1461113,0.0,0.0,KO
2025-06-27 12:30:00-04:00,70.34500122070312,70.41000366210938,70.28500366210938,70.29499816894531,1189367,0.0,0.0,KO
2025-06-27 13:30:00-04:00,70.29499816894531,70.29769897460938,70.01000213623047,70.03500366210938,1332419,0.0,0.0,KO
2025-06-27 14:30:00-04:00,70.03500366210938,70.16000366210938,69.97000122070312,70.16000366210938,1304722,0.0,0.0,KO
2025-06-27 15:30:00-04:00,70.15499877929688,70.55999755859375,70.1500015258789,70.31999969482422,3515345,0.0,0.0,KO
2025-06-27 16:00:00-04:00,70.325,70.5,70.25,70.28,0,0.0,0.0,KO
2025-06-27 17:00:00-04:00,70.28,70.33,70.25,70.3,0,0.0,0.0,KO
2025-06-27 18:00:00-04:00,70.27,70.3,70.2,70.25,0,0.0,0.0,KO
2025-06-27 19:00:00-04:00,70.25,70.3,70.2,70.25,0,0.0,0.0,KO
2025-06-30 04:00:00-04:00,70.25,70.34,70.21,70.33,0,0.0,0.0,KO
2025-06-30 05:00:00-04:00,70.34,70.4,70.31,70.32,0,0.0,0.0,KO
2025-06-30 06:00:00-04:00,70.3,70.35,70.27,70.34,0,0.0,0.0,KO
2025-06-30 07:00:00-04:00,70.32,70.36,70.27,70.29,0,0.0,0.0,KO
2025-06-30 08:00:00-04:00,70.27,70.44,70.15,70.2088,0,0.0,0.0,KO
2025-06-30 09:00:00-04:00,70.205,70.28,70.13,70.17,0,0.0,0.0,KO
2025-06-30 09:30:00-04:00,70.125,70.77999877929688,70.08999633789062,70.38999938964844,2254533,0.0,0.0,KO
2025-06-30 10:30:00-04:00,70.3949966430664,70.41609954833984,70.20500183105469,70.36000061035156,1363556,0.0,0.0,KO
2025-06-30 11:30:00-04:00,70.36499786376953,70.43000030517578,70.19499969482422,70.4000015258789,996342,0.0,0.0,KO
2025-06-30 12:30:00-04:00,70.40499877929688,70.53990173339844,70.3550033569336,70.41000366210938,842045,0.0,0.0,KO
2025-06-30 13:30:00-04:00,70.41500091552734,70.41999816894531,70.19000244140625,70.33499908447266,1140320,0.0,0.0,KO
2025-06-30 14:30:00-04:00,70.33000183105469,70.57499694824219,70.30500030517578,70.55500030517578,1347016,0.0,0.0,KO
2025-06-30 15:30:00-04:00,70.55000305175781,70.79000091552734,70.51000213623047,70.7249984741211,2519376,0.0,0.0,KO
2025-06-30 16:00:00-04:00,70.75,70.79,69.515,70.75,0,0.0,0.0,KO
2025-06-30 17:00:00-04:00,70.71,70.75,70.46,70.6317,0,0.0,0.0,KO
2025-06-30 18:00:00-04:00,70.61,70.7,70.61,70.63,0,0.0,0.0,KO
2025-06-30 19:00:00-04:00,70.655,70.69,70.62,70.69,0,0.0,0.0,KO
2025-07-01 04:00:00-04:00,70.56,70.75,70.47,70.68,0,0.0,0.0,KO
2025-07-01 05:00:00-04:00,70.69,70.75,70.69,70.73,0,0.0,0.0,KO
2025-07-01 06:00:00-04:00,70.73,70.75,70.7,70.73,0,0.0,0.0,KO
2025-07-01 07:00:00-04:00,70.73,70.77,70.71,70.76,0,0.0,0.0,KO
2025-07-01 08:00:00-04:00,70.76,70.95,70.4412,70.8,0,0.0,0.0,KO
2025-07-01 09:00:00-04:00,70.84,70.93,70.75,70.875,0,0.0,0.0,KO
2025-07-01 09:30:00-04:00,70.98999786376953,71.66999816894531,70.9000015258789,71.65499877929688,3483171,0.0,0.0,KO
2025-07-01 10:30:00-04:00,71.6500015258789,72.44999694824219,71.63500213623047,72.12999725341797,2439342,0.0,0.0,KO
2025-07-01 11:30:00-04:00,72.12999725341797,72.19000244140625,71.68499755859375,71.72000122070312,1550696,0.0,0.0,KO
2025-07-01 12:30:00-04:00,71.71499633789062,71.78849792480469,71.44499969482422,71.54499816894531,1504441,0.0,0.0,KO
2025-07-01 13:30:00-04:00,71.54000091552734,71.7750015258789,71.52999877929688,71.73500061035156,980325,0.0,0.0,KO
2025-07-01 14:30:00-04:00,71.7300033569336,71.87000274658203,71.6449966430664,71.69999694824219,1301956,0.0,0.0,KO
2025-07-01 15:30:00-04:00,71.69090270996094,71.81500244140625,71.63500213623047,71.68000030517578,2476209,0.0,0.0,KO
2025-07-01 16:00:00-04:00,71.67,71.8,71.55,71.675,0,0.0,0.0,KO
2025-07-01 17:00:00-04:00,71.65,71.8,71.55,71.7,0,0.0,0.0,KO
2025-07-01 18:00:00-04:00,71.67,71.8,71.67,71.7,0,0.0,0.0,KO
2025-07-01 19:00:00-04:00,71.6993,71.8,71.67,71.8,0,0.0,0.0,KO
2025-07-02 04:00:00-04:00,71.77,71.77,71.57,71.71,0,0.0,0.0,KO
2025-07-02 05:00:00-04:00,71.78,71.79,71.71,71.76,0,0.0,0.0,KO
2025-07-02 06:00:00-04:00,71.76,71.77,71.73,71.75,0,0.0,0.0,KO
2025-07-02 07:00:00-04:00,71.75,71.79,71.75,71.76,0,0.0,0.0,KO
2025-07-02 08:00:00-04:00,71.75,71.9988,71.4812,71.88,0,0.0,0.0,KO
2025-07-02 09:00:00-04:00,71.88,71.93,71.77,71.77,0,0.0,0.0,KO
2025-07-02 09:30:00-04:00,71.69000244140625,71.82499694824219,71.32499694824219,71.3499984741211,2334957,0.0,0.0,KO
2025-07-02 10:30:00-04:00,71.34500122070312,71.36000061035156,70.73500061035156,70.98500061035156,1634223,0.0,0.0,KO
2025-07-02 11:30:00-04:00,70.98500061035156,71.16999816894531,70.80000305175781,70.86499786376953,1782512,0.0,0.0,KO
2025-07-02 12:30:00-04:00,70.86000061035156,71.03500366210938,70.83000183105469,71.0199966430664,718009,0.0,0.0,KO
2025-07-02 13:30:00-04:00,71.0199966430664,71.05000305175781,70.875,70.93499755859375,808002,0.0,0.0,KO
2025-07-02 14:30:00-04:00,70.94000244140625,71.05500030517578,70.75499725341797,70.77999877929688,1184703,0.0,0.0,KO
2025-07-02 15:30:00-04:00,70.77999877929688,70.97000122070312,70.74250030517578,70.93000030517578,2581466,0.0,0.0,KO
2025-07-02 16:00:00-04:00,70.94,71.0,70.8,70.95,0,0.0,0.0,KO
2025-07-02 17:00:00-04:00,70.95,70.97,70.91,70.92,0,0.0,0.0,KO
2025-07-02 18:00:00-04:00,70.9788,70.98,70.92,70.935,0,0.0,0.0,KO
2025-07-02 19:00:00-04:00,70.95,70.95,70.92,70.9498,0,0.0,0.0,KO
2025-07-03 04:00:00-04:00,71.1,71.1,70.77,71.03,0,0.0,0.0,KO
2025-07-03 05:00:00-04:00,71.03,71.06,70.98,71.04,0,0.0,0.0,KO
2025-07-03 06:00:00-04:00,71.03,71.04,70.99,71.01,0,0.0,0.0,KO
2025-07-03 07:00:00-04:00,71.02,71.09,71.02,71.08,0,0.0,0.0,KO
2025-07-03 08:00:00-04:00,71.07,71.1588,70.72,71.09,0,0.0,0.0,KO
2025-07-03 09:00:00-04:00,71.02,71.05,70.77,70.94,0,0.0,0.0,KO
2025-07-03 09:30:00-04:00,70.93000030517578,70.93000030517578,70.44999694824219,70.75499725341797,2710639,0.0,0.0,KO
2025-07-03 10:30:00-04:00,70.75,71.18499755859375,70.71009826660156,71.11499786376953,1473428,0.0,0.0,KO
2025-07-03 11:30:00-04:00,71.11499786376953,71.30999755859375,71.08499908447266,71.2750015258789,1317207,0.0,0.0,KO
2025-07-03 13:00:00-04:00,71.2699966430664,71.3949966430664,70.3156967163086,71.27999877929688,0,0.0,0.0,KO
2025-07-03 14:00:00-04:00,71.28,71.38,71.18,71.32,0,0.0,0.0,KO
2025-07-03 15:00:00-04:00,71.3,71.39,71.18,71.3,0,0.0,0.0,KO
2025-07-03 16:00:00-04:00,71.29,71.38,71.2,71.25,0,0.0,0.0,KO
2025-07-07 04:00:00-04:00,71.47,71.52,71.15,71.36,0,0.0,0.0,KO
2025-07-07 05:00:00-04:00,71.36,71.36,71.31,71.35,0,0.0,0.0,KO
2025-07-07 06:00:00-04:00,71.34,71.4,71.33,71.39,0,0.0,0.0,KO
2025-07-07 07:00:00-04:00,71.39,71.4,71.32,71.38,0,0.0,0.0,KO
2025-07-07 08:00:00-04:00,71.38,71.7088,71.13,71.5,0,0.0,0.0,KO
2025-07-07 09:00:00-04:00,71.4952,71.5,71.35,71.395,0,0.0,0.0,KO
2025-07-07 09:30:00-04:00,71.37000274658203,71.37000274658203,70.80000305175781,71.1449966430664,2295652,0.0,0.0,KO
2025-07-07 10:30:00-04:00,71.13999938964844,71.17500305175781,70.81500244140625,71.03500366210938,1310384,0.0,0.0,KO
2025-07-07 11:30:00-04:00,71.03500366210938,71.16500091552734,70.81999969482422,70.83000183105469,760018,0.0,0.0,KO
2025-07-07 12:30:00-04:00,70.83000183105469,71.22000122070312,70.82499694824219,71.08499908447266,709903,0.0,0.0,KO
2025-07-07 13:30:00-04:00,71.08999633789062,71.17500305175781,70.8949966430664,70.90299987792969,1465457,0.0,0.0,KO
2025-07-07 14:30:00-04:00,70.91000366210938,71.08989715576172,70.8010025024414,70.85780334472656,1178070,0.0,0.0,KO
2025-07-07 15:30:00-04:00,70.85440063476562,71.02999877929688,70.8499984741211,71.02999877929688,1837241,0.0,0.0,KO
2025-07-07 16:00:00-04:00,71.01,71.05,66.124,70.96,0,0.0,0.0,KO
2025-07-07 17:00:00-04:00,70.98,71.05,66.124,71.05,0,0.0,0.0,KO
2025-07-07 18:00:00-04:00,71.005,71.05,70.96,70.985,0,0.0,0.0,KO
2025-07-07 19:00:00-04:00,71.01,71.05,70.96,71.0,0,0.0,0.0,KO
2025-07-08 04:00:00-04:00,71.28,71.28,70.98,71.05,0,0.0,0.0,KO
2025-07-08 05:00:00-04:00,71.02,71.06,71.0,71.01,0,0.0,0.0,KO
2025-07-08 06:00:00-04:00,71.02,71.03,70.92,70.96,0,0.0,0.0,KO
2025-07-08 07:00:00-04:00,70.96,70.96,70.78,70.84,0,0.0,0.0,KO
2025-07-08 08:00:00-04:00,70.84,71.28,70.75,70.86,0,0.0,0.0,KO
2025-07-08 09:00:00-04:00,70.86,70.96,70.8,70.8,0,0.0,0.0,KO
2025-07-08 09:30:00-04:00,70.68000030517578,70.68000030517578,70.05999755859375,70.2249984741211,2664527,0.0,0.0,KO
2025-07-08 10:30:00-04:00,70.2300033569336,70.31999969482422,69.87999725341797,70.13999938964844,1701361,0.0,0.0,KO
2025-07-08 11:30:00-04:00,70.13999938964844,70.3550033569336,70.08000183105469,70.20500183105469,947716,0.0,0.0,KO
2025-07-08 12:30:00-04:00,70.20500183105469,70.44979858398438,70.1050033569336,70.41999816894531,896101,0.0,0.0,KO
2025-07-08 13:30:00-04:00,70.41500091552734,70.45500183105469,70.24500274658203,70.34500122070312,855380,0.0,0.0,KO
2025-07-08 14:30:00-04:00,70.34500122070312,70.54000091552734,70.22000122070312,70.5199966430664,1127720,0.0,0.0,KO
2025-07-08 15:30:00-04:00,70.51499938964844,70.54499816894531,70.23999786376953,70.26000213623047,3595379,0.0,0.0,KO
2025-07-08 16:00:00-04:00,70.24,70.52,70.24,70.37,0,0.0,0.0,KO
2025-07-08 17:00:00-04:00,70.3675,71.46,70.24,70.3,0,0.0,0.0,KO
2025-07-08 18:00:00-04:00,70.49,70.49,70.24,70.32,0,0.0,0.0,KO
2025-07-08 19:00:00-04:00,70.32,70.49,70.27,70.49,0,0.0,0.0,KO
2025-07-09 04:00:00-04:00,70.43,70.48,70.23,70.39,0,0.0,0.0,KO
2025-07-09 05:00:00-04:00,70.41,70.43,70.35,70.35,0,0.0,0.0,KO
2025-07-09 06:00:00-04:00,70.38,70.39,70.34,70.34,0,0.0,0.0,KO
2025-07-09 07:00:00-04:00,70.33,70.35,70.23,70.29,0,0.0,0.0,KO
2025-07-09 08:00:00-04:00,70.25,71.01,70.2,70.39,0,0.0,0.0,KO
2025-07-09 09:00:00-04:00,70.38,70.45,70.31,70.37,0,0.0,0.0,KO
2025-07-09 09:30:00-04:00,70.16000366210938,70.25,69.4800033569336,69.61000061035156,7908790,0.0,0.0,KO
2025-07-09 10:30:00-04:00,69.61000061035156,69.67500305175781,69.11000061035156,69.21499633789062,5227752,0.0,0.0,KO
2025-07-09 11:30:00-04:00,69.22000122070312,69.41000366210938,68.94999694824219,69.36499786376953,2914187,0.0,0.0,KO
2025-07-09 12:30:00-04:00,69.36990356445312,69.42500305175781,69.0,69.23500061035156,1968655,0.0,0.0,KO
2025-07-09 13:30:00-04:00,69.23500061035156,69.3499984741211,69.11000061035156,69.25,3181497,0.0,0.0,KO
2025-07-09 14:30:00-04:00,69.23999786376953,69.57499694824219,69.17500305175781,69.48999786376953,3264291,0.0,0.0,KO
2025-07-09 15:30:00-04:00,69.49810028076172,69.625,69.41000366210938,69.48500061035156,4889252,0.0,0.0,KO
2025-07-09 16:00:00-04:00,69.48,72.1999,65.7444,69.55,0,0.0,0.0,KO
2025-07-09 17:00:00-04:00,69.53,69.58,69.5,69.53,0,0.0,0.0,KO
2025-07-09 18:00:00-04:00,69.55,69.67,69.52,69.59,0,0.0,0.0,KO
2025-07-09 19:00:00-04:00,69.63,69.63,69.55,69.62,0,0.0,0.0,KO
2025-07-10 04:00:00-04:00,69.69,69.73,69.48,69.62,0,0.0,0.0,KO
2025-07-10 05:00:00-04:00,69.64,69.66,69.57,69.63,0,0.0,0.0,KO
2025-07-10 06:00:00-04:00,69.62,69.66,69.57,69.63,0,0.0,0.0,KO
2025-07-10 07:00:00-04:00,69.63,69.65,69.53,69.6,0,0.0,0.0,KO
2025-07-10 08:00:00-04:00,69.57,69.7588,69.4,69.49,0,0.0,0.0,KO
2025-07-10 09:00:00-04:00,69.5,69.58,69.32,69.37,0,0.0,0.0,KO
2025-07-10 09:30:00-04:00,69.29000091552734,69.66999816894531,69.16000366210938,69.57499694824219,4261382,0.0,0.0,KO
2025-07-10 10:30:00-04:00,69.57499694824219,69.68499755859375,69.38999938964844,69.44999694824219,1665198,0.0,0.0,KO
2025-07-10 11:30:00-04:00,69.45500183105469,69.6050033569336,69.41999816894531,69.54499816894531,1046356,0.0,0.0,KO
2025-07-10 12:30:00-04:00,69.54499816894531,69.62999725341797,69.4800033569336,69.55999755859375,817982,0.0,0.0,KO
2025-07-10 13:30:00-04:00,69.55999755859375,69.68499755859375,69.48500061035156,69.61499786376953,721436,0.0,0.0,KO
2025-07-10 14:30:00-04:00,69.61000061035156,69.75499725341797,69.51000213623047,69.70999908447266,1797486,0.0,0.0,KO
2025-07-10 15:30:00-04:00,69.72000122070312,69.84500122070312,69.69999694824219,69.7699966430664,1958661,0.0,0.0,KO
2025-07-10 16:00:00-04:00,69.77,71.085,69.71,69.78,0,0.0,0.0,KO
2025-07-10 17:00:00-04:00,69.77,69.78,69.75,69.76,0,0.0,0.0,KO
2025-07-10 18:00:00-04:00,69.76,69.88,69.75,69.765,0,0.0,0.0,KO
2025-07-10 19:00:00-04:00,69.78,69.84,69.75,69.82,0,0.0,0.0,KO
2025-07-11 04:00:00-04:00,69.71,69.78,69.7,69.77,0,0.0,0.0,KO
2025-07-11 05:00:00-04:00,69.77,69.9,69.77,69.85,0,0.0,0.0,KO
2025-07-11 06:00:00-04:00,69.86,69.87,69.77,69.8,0,0.0,0.0,KO
2025-07-11 07:00:00-04:00,69.8,69.81,69.67,69.69,0,0.0,0.0,KO
2025-07-11 08:00:00-04:00,69.71,69.89,69.66,69.715,0,0.0,0.0,KO
2025-07-11 09:00:00-04:00,69.715,69.74,69.66,69.72,0,0.0,0.0,KO
2025-07-11 09:30:00-04:00,69.56500244140625,69.875,69.25,69.72000122070312,2050622,0.0,0.0,KO
2025-07-11 10:30:00-04:00,69.7300033569336,70.04499816894531,69.7300033569336,69.83499908447266,1540766,0.0,0.0,KO
2025-07-11 11:30:00-04:00,69.83499908447266,69.98750305175781,69.7699966430664,69.90499877929688,1016458,0.0,0.0,KO
2025-07-11 12:30:00-04:00,69.90499877929688,70.0999984741211,69.8499984741211,70.08499908447266,855534,0.0,0.0,KO
2025-07-11 13:30:00-04:00,70.08999633789062,70.13999938964844,69.81500244140625,69.98999786376953,1127232,0.0,0.0,KO
2025-07-11 14:30:00-04:00,69.98500061035156,70.125,69.91999816894531,70.1050033569336,775576,0.0,0.0,KO
2025-07-11 15:30:00-04:00,70.1050033569336,70.15499877929688,69.87000274658203,69.87999725341797,1846583,0.0,0.0,KO
2025-07-11 16:00:00-04:00,69.88,70.02,68.84,69.865,0,0.0,0.0,KO
2025-07-11 17:00:00-04:00,69.865,69.87,69.84,69.84,0,0.0,0.0,KO
2025-07-11 18:00:00-04:00,69.85,69.87,69.8,69.835,0,0.0,0.0,KO
2025-07-11 19:00:00-04:00,69.86,69.93,69.8,69.93,0,0.0,0.0,KO
2025-07-14 04:00:00-04:00,69.9,69.9,69.5,69.88,0,0.0,0.0,KO
2025-07-14 05:00:00-04:00,69.86,69.92,69.86,69.9,0,0.0,0.0,KO
2025-07-14 06:00:00-04:00,69.91,69.92,69.87,69.89,0,0.0,0.0,KO
2025-07-14 07:00:00-04:00,69.88,69.89,69.8,69.81,0,0.0,0.0,KO
2025-07-14 08:00:00-04:00,69.86,70.2888,69.5712,69.8,0,0.0,0.0,KO
2025-07-14 09:00:00-04:00,69.8,69.87,69.61,69.74,0,0.0,0.0,KO
2025-07-14 09:30:00-04:00,69.80000305175781,70.08000183105469,69.59500122070312,69.69000244140625,2235408,0.0,0.0,KO
2025-07-14 10:30:00-04:00,69.68000030517578,69.83000183105469,69.4800033569336,69.74500274658203,1303509,0.0,0.0,KO
2025-07-14 11:30:00-04:00,69.74500274658203,69.83999633789062,69.55000305175781,69.6050033569336,1540879,0.0,0.0,KO
2025-07-14 12:30:00-04:00,69.5999984741211,69.70999908447266,69.48500061035156,69.52999877929688,1077809,0.0,0.0,KO
2025-07-14 13:30:00-04:00,69.5199966430664,69.5250015258789,69.33000183105469,69.45999908447266,1101298,0.0,0.0,KO
2025-07-14 14:30:00-04:00,69.47000122070312,69.56500244140625,69.27189636230469,69.3499984741211,2066512,0.0,0.0,KO
2025-07-14 15:30:00-04:00,69.3499984741211,69.5199966430664,69.30999755859375,69.47000122070312,2899510,0.0,0.0,KO
2025-07-14 16:00:00-04:00,69.47,69.53,69.46,69.46,0,0.0,0.0,KO
2025-07-14 17:00:00-04:00,69.48,72.06,69.46,69.5,0,0.0,0.0,KO
2025-07-14 18:00:00-04:00,69.5,69.5,69.46,69.48,0,0.0,0.0,KO
2025-07-14 19:00:00-04:00,69.48,69.49,69.47,69.475,0,0.0,0.0,KO
2025-07-15 04:00:00-04:00,69.65,69.65,69.47,69.47,0,0.0,0.0,KO
2025-07-15 05:00:00-04:00,69.48,69.53,69.4,69.49,0,0.0,0.0,KO
2025-07-15 06:00:00-04:00,69.49,69.58,69.49,69.55,0,0.0,0.0,KO
2025-07-15 07:00:00-04:00,69.56,69.58,69.4,69.41,0,0.0,0.0,KO
2025-07-15 08:00:00-04:00,69.41,69.6588,69.27,69.33,0,0.0,0.0,KO
2025-07-15 09:00:00-04:00,69.31,69.45,69.21,69.25,0,0.0,0.0,KO
2025-07-15 09:30:00-04:00,69.51000213623047,69.54499816894531,69.25499725341797,69.32499694824219,2043974,0.0,0.0,KO
2025-07-15 10:30:00-04:00,69.32499694824219,69.47000122070312,69.1500015258789,69.31999969482422,1882876,0.0,0.0,KO
2025-07-15 11:30:00-04:00,69.31999969482422,69.3499984741211,69.1500015258789,69.29499816894531,1375207,0.0,0.0,KO
2025-07-15 12:30:00-04:00,69.30000305175781,69.5,69.27999877929688,69.43000030517578,776050,0.0,0.0,KO
2025-07-15 13:30:00-04:00,69.43499755859375,69.45500183105469,69.2699966430664,69.29499816894531,726836,0.0,0.0,KO
2025-07-15 14:30:00-04:00,69.29010009765625,69.55000305175781,69.29010009765625,69.5250015258789,892678,0.0,0.0,KO
2025-07-15 15:30:00-04:00,69.5250015258789,69.54499816894531,69.30999755859375,69.33999633789062,1851488,0.0,0.0,KO
2025-07-15 16:00:00-04:00,69.34,69.45,69.32,69.39,0,0.0,0.0,KO
2025-07-15 17:00:00-04:00,69.355,69.39,69.31,69.39,0,0.0,0.0,KO
2025-07-15 18:00:00-04:00,69.38,69.39,69.3,69.35,0,0.0,0.0,KO
2025-07-15 19:00:00-04:00,69.325,69.35,69.3,69.325,0,0.0,0.0,KO
2025-07-16 04:00:00-04:00,69.35,69.76,69.35,69.42,0,0.0,0.0,KO
2025-07-16 05:00:00-04:00,69.42,69.42,69.38,69.38,0,0.0,0.0,KO
2025-07-16 06:00:00-04:00,69.39,69.41,69.37,69.4,0,0.0,0.0,KO
2025-07-16 07:00:00-04:00,69.42,69.42,69.36,69.41,0,0.0,0.0,KO
2025-07-16 08:00:00-04:00,69.41,69.6588,69.2012,69.415,0,0.0,0.0,KO
2025-07-16 09:00:00-04:00,69.42,69.53,69.37,69.4388,0,0.0,0.0,KO
2025-07-16 09:30:00-04:00,69.3499984741211,69.5,68.95999908447266,69.0250015258789,3171067,0.0,0.0,KO
2025-07-16 10:30:00-04:00,69.0199966430664,69.2750015258789,68.79000091552734,69.0999984741211,1954752,0.0,0.0,KO
2025-07-16 11:30:00-04:00,69.08999633789062,69.26000213623047,69.02999877929688,69.18000030517578,982367,0.0,0.0,KO
2025-07-16 12:30:00-04:00,69.19000244140625,69.29000091552734,69.08000183105469,69.25,687562,0.0,0.0,KO
2025-07-16 13:30:00-04:00,69.25499725341797,69.4000015258789,69.2300033569336,69.2699966430664,855623,0.0,0.0,KO
2025-07-16 14:30:00-04:00,69.2750015258789,69.43000030517578,69.2750015258789,69.33499908447266,1335918,0.0,0.0,KO
2025-07-16 15:30:00-04:00,69.33499908447266,69.33499908447266,69.17500305175781,69.2699966430664,1890317,0.0,0.0,KO
2025-07-16 16:00:00-04:00,69.27,69.48,68.8,69.235,0,0.0,0.0,KO
2025-07-16 17:00:00-04:00,69.235,69.27,69.15,69.26,0,0.0,0.0,KO
2025-07-16 18:00:00-04:00,69.25,69.27,69.23,69.27,0,0.0,0.0,KO
2025-07-16 19:00:00-04:00,69.26,69.3,69.23,69.24,0,0.0,0.0,KO
2025-07-17 04:00:00-04:00,69.38,69.43,69.31,69.38,0,0.0,0.0,KO
2025-07-17 05:00:00-04:00,69.35,69.37,69.34,69.36,0,0.0,0.0,KO
2025-07-17 06:00:00-04:00,69.37,69.75,69.35,69.6,0,0.0,0.0,KO
2025-07-17 07:00:00-04:00,69.6,69.6,69.41,69.45,0,0.0,0.0,KO
2025-07-17 08:00:00-04:00,69.43,69.6388,69.3,69.4788,0,0.0,0.0,KO
2025-07-17 09:00:00-04:00,69.4724,69.64,69.27,69.51,0,0.0,0.0,KO
2025-07-17 09:30:00-04:00,69.80999755859375,70.11000061035156,69.55999755859375,69.80000305175781,4131505,0.0,0.0,KO
2025-07-17 10:30:00-04:00,69.79499816894531,69.8499984741211,69.51000213623047,69.76499938964844,1990320,0.0,0.0,KO
2025-07-17 11:30:00-04:00,69.76499938964844,69.9000015258789,69.68499755859375,69.70500183105469,1344047,0.0,0.0,KO
2025-07-17 12:30:00-04:00,69.70500183105469,69.79499816894531,69.61499786376953,69.7750015258789,821345,0.0,0.0,KO
2025-07-17 13:30:00-04:00,69.7750015258789,69.91999816894531,69.7249984741211,69.83000183105469,1587342,0.0,0.0,KO
2025-07-17 14:30:00-04:00,69.83000183105469,70.56999969482422,69.79000091552734,70.3550033569336,4062409,0.0,0.0,KO
2025-07-17 15:30:00-04:00,70.36000061035156,70.68499755859375,70.36000061035156,70.61499786376953,3463989,0.0,0.0,KO
2025-07-17 16:00:00-04:00,70.59,70.72,70.01,70.55,0,0.0,0.0,KO
2025-07-17 17:00:00-04:00,70.565,70.59,70.4,70.43,0,0.0,0.0,KO
2025-07-17 18:00:00-04:00,70.431,70.65,70.3589,70.495,0,0.0,0.0,KO
2025-07-17 19:00:00-04:00,70.37,70.59,70.37,70.475,0,0.0,0.0,KO
2025-07-18 04:00:00-04:00,70.62,70.68,70.52,70.57,0,0.0,0.0,KO
2025-07-18 05:00:00-04:00,70.59,70.6,70.5,70.51,0,0.0,0.0,KO
2025-07-18 06:00:00-04:00,70.53,70.54,70.42,70.42,0,0.0,0.0,KO
2025-07-18 07:00:00-04:00,70.45,70.45,70.3,70.38,0,0.0,0.0,KO
2025-07-18 08:00:00-04:00,70.41,70.785,70.215,70.5288,0,0.0,0.0,KO
2025-07-18 09:00:00-04:00,70.5202,70.59,70.46,70.535,0,0.0,0.0,KO
2025-07-18 09:30:00-04:00,70.44499969482422,70.69999694824219,70.2699966430664,70.59500122070312,4894863,0.0,0.0,KO
2025-07-18 10:30:00-04:00,70.59500122070312,70.61499786376953,70.23999786376953,70.31999969482422,1346424,0.0,0.0,KO
2025-07-18 11:30:00-04:00,70.31670379638672,70.41000366210938,70.1500015258789,70.2249984741211,941817,0.0,0.0,KO
2025-07-18 12:30:00-04:00,70.2249984741211,70.37000274658203,70.09500122070312,70.16999816894531,918800,0.0,0.0,KO
2025-07-18 13:30:00-04:00,70.18499755859375,70.30000305175781,70.08499908447266,70.09719848632812,792326,0.0,0.0,KO
2025-07-18 14:30:00-04:00,70.09220123291016,70.16000366210938,70.0199966430664,70.11499786376953,1170525,0.0,0.0,KO
2025-07-18 15:30:00-04:00,70.12000274658203,70.12580108642578,69.83499908447266,69.83999633789062,1961555,0.0,0.0,KO
2025-07-18 16:00:00-04:00,69.85,70.0,69.835,69.9,0,0.0,0.0,KO
2025-07-18 17:00:00-04:00,69.9,70.24,66.124,70.14,0,0.0,0.0,KO
2025-07-18 18:00:00-04:00,70.1,70.24,69.9,69.98,0,0.0,0.0,KO
2025-07-18 19:00:00-04:00,69.98,70.06,69.93,70.06,0,0.0,0.0,KO
2025-07-21 04:00:00-04:00,70.2,70.41,70.06,70.12,0,0.0,0.0,KO
2025-07-21 05:00:00-04:00,70.15,70.2,70.11,70.11,0,0.0,0.0,KO
2025-07-21 06:00:00-04:00,70.13,70.14,70.06,70.1,0,0.0,0.0,KO
2025-07-21 07:00:00-04:00,70.1,70.12,70.07,70.08,0,0.0,0.0,KO
2025-07-21 08:00:00-04:00,70.1,70.2745,69.85,70.11,0,0.0,0.0,KO
2025-07-21 09:00:00-04:00,70.08,70.2,69.85,70.15,0,0.0,0.0,KO
2025-07-21 09:30:00-04:00,70.19499969482422,70.48999786376953,69.93000030517578,70.00499725341797,3861292,0.0,0.0,KO
2025-07-21 10:30:00-04:00,70.01000213623047,70.19499969482422,69.95999908447266,70.05500030517578,2163217,0.0,0.0,KO
2025-07-21 11:30:00-04:00,70.05500030517578,70.44999694824219,70.0199966430664,70.33499908447266,1383237,0.0,0.0,KO
2025-07-21 12:30:00-04:00,70.33999633789062,70.43499755859375,70.25499725341797,70.375,1145963,0.0,0.0,KO
2025-07-21 13:30:00-04:00,70.37000274658203,70.4800033569336,70.3499984741211,70.42500305175781,1221440,0.0,0.0,KO
2025-07-21 14:30:00-04:00,70.43000030517578,70.62000274658203,70.28500366210938,70.31500244140625,2309486,0.0,0.0,KO
2025-07-21 15:30:00-04:00,70.31500244140625,70.32499694824219,70.1050033569336,70.13999938964844,2716044,0.0,0.0,KO
2025-07-21 16:00:00-04:00,70.07,70.29,70.07,70.28,0,0.0,0.0,KO
2025-07-21 17:00:00-04:00,70.27,70.44,70.07,70.31,0,0.0,0.0,KO
2025-07-21 18:00:00-04:00,70.36,70.39,70.3,70.37,0,0.0,0.0,KO
2025-07-21 19:00:00-04:00,70.335,70.45,70.31,70.37,0,0.0,0.0,KO
2025-07-22 04:00:00-04:00,70.5,70.61,70.38,70.61,0,0.0,0.0,KO
2025-07-22 05:00:00-04:00,70.59,70.7,70.56,70.68,0,0.0,0.0,KO
2025-07-22 06:00:00-04:00,70.7,70.9,70.67,70.72,0,0.0,0.0,KO
2025-07-22 07:00:00-04:00,70.74,70.91,69.55,69.88,0,0.0,0.0,KO
2025-07-22 08:00:00-04:00,69.88,70.9102,69.3,69.445,0,0.0,0.0,KO
2025-07-22 09:00:00-04:00,69.45,69.69,69.02,69.58,0,0.0,0.0,KO
2025-07-22 09:30:00-04:00,69.44999694824219,70.25920104980469,68.69000244140625,69.41999816894531,8485274,0.0,0.0,KO
2025-07-22 10:30:00-04:00,69.4000015258789,69.69999694824219,69.08999633789062,69.42500305175781,2733312,0.0,0.0,KO
2025-07-22 11:30:00-04:00,69.42500305175781,69.63500213623047,69.2750015258789,69.61000061035156,1864674,0.0,0.0,KO
2025-07-22 12:30:00-04:00,69.6050033569336,69.64530181884766,69.37999725341797,69.51499938964844,1022248,0.0,0.0,KO
2025-07-22 13:30:00-04:00,69.5199966430664,69.73999786376953,69.4800033569336,69.70500183105469,1021108,0.0,0.0,KO
2025-07-22 14:30:00-04:00,69.69999694824219,69.79000091552734,69.43000030517578,69.43440246582031,1475157,0.0,0.0,KO
2025-07-22 15:30:00-04:00,69.43499755859375,69.69000244140625,69.33499908447266,69.625,2546049,0.0,0.0,KO
2025-07-22 16:00:00-04:00,69.66,69.7,69.53,69.67,0,0.0,0.0,KO
2025-07-22 17:00:00-04:00,69.665,69.7,69.62,69.69,0,0.0,0.0,KO
2025-07-22 18:00:00-04:00,69.68,69.69,69.63,69.68,0,0.0,0.0,KO
2025-07-22 19:00:00-04:00,69.68,69.7,69.63,69.64,0,0.0,0.0,KO
2025-07-23 04:00:00-04:00,69.66,69.85,69.65,69.82,0,0.0,0.0,KO
2025-07-23 05:00:00-04:00,69.83,69.85,69.77,69.79,0,0.0,0.0,KO
2025-07-23 06:00:00-04:00,69.79,69.83,69.73,69.8,0,0.0,0.0,KO
2025-07-23 07:00:00-04:00,69.76,69.85,69.71,69.77,0,0.0,0.0,KO
2025-07-23 08:00:00-04:00,69.77,69.95,69.6,69.75,0,0.0,0.0,KO
2025-07-23 09:00:00-04:00,69.7871,69.79,69.66,69.73,0,0.0,0.0,KO
2025-07-23 09:30:00-04:00,69.50499725341797,69.73999786376953,69.08869934082031,69.11409759521484,3939582,0.0,0.0,KO
2025-07-23 10:30:00-04:00,69.11499786376953,69.23500061035156,68.63999938964844,68.69499969482422,3334758,0.0,0.0,KO
2025-07-23 11:30:00-04:00,68.69499969482422,68.94000244140625,68.5999984741211,68.79010009765625,2066853,0.0,0.0,KO
2025-07-23 12:30:00-04:00,68.80000305175781,69.12999725341797,68.74500274658203,69.12999725341797,1847212,0.0,0.0,KO
2025-07-23 13:30:00-04:00,69.12999725341797,69.19999694824219,68.94180297851562,69.03500366210938,1604953,0.0,0.0,KO
2025-07-23 14:30:00-04:00,69.03500366210938,69.08989715576172,68.87999725341797,68.9198989868164,1449611,0.0,0.0,KO
2025-07-23 15:30:00-04:00,68.91999816894531,69.22000122070312,68.86000061035156,69.18000030517578,2855253,0.0,0.0,KO
2025-07-23 16:00:00-04:00,69.16,72.1999,69.02,69.19,0,0.0,0.0,KO
2025-07-23 17:00:00-04:00,69.2,69.22,69.11,69.18,0,0.0,0.0,KO
2025-07-23 18:00:00-04:00,69.189,69.21,69.11,69.18,0,0.0,0.0,KO
2025-07-23 19:00:00-04:00,69.18,69.21,69.12,69.165,0,0.0,0.0,KO
2025-07-24 04:00:00-04:00,69.25,69.26,69.16,69.18,0,0.0,0.0,KO
2025-07-24 05:00:00-04:00,69.18,69.3,69.13,69.27,0,0.0,0.0,KO
2025-07-24 06:00:00-04:00,69.28,69.28,69.22,69.27,0,0.0,0.0,KO
2025-07-24 07:00:00-04:00,69.27,69.3,69.2,69.22,0,0.0,0.0,KO
2025-07-24 08:00:00-04:00,69.21,69.3488,69.01,69.2,0,0.0,0.0,KO
2025-07-24 09:00:00-04:00,69.25,69.61,69.2,69.22,0,0.0,0.0,KO
2025-07-24 09:30:00-04:00,69.25499725341797,69.41999816894531,69.05500030517578,69.33499908447266,2220979,0.0,0.0,KO
2025-07-24 10:30:00-04:00,69.33999633789062,69.55000305175781,69.23500061035156,69.50499725341797,1550157,0.0,0.0,KO
2025-07-24 11:30:00-04:00,69.50479888916016,69.54000091552734,69.36000061035156,69.37000274658203,979679,0.0,0.0,KO
2025-07-24 12:30:00-04:00,69.36499786376953,69.49669647216797,69.2249984741211,69.23500061035156,796999,0.0,0.0,KO
2025-07-24 13:30:00-04:00,69.23619842529297,69.29779815673828,69.05999755859375,69.07029724121094,859962,0.0,0.0,KO
2025-07-24 14:30:00-04:00,69.08000183105469,69.15499877929688,68.98999786376953,69.06500244140625,1302368,0.0,0.0,KO
2025-07-24 15:30:00-04:00,69.06500244140625,69.1500015258789,69.0,69.08999633789062,1833347,0.0,0.0,KO
2025-07-24 16:00:00-04:00,69.09,69.39,69.09,69.14,0,0.0,0.0,KO
2025-07-24 17:00:00-04:00,69.135,69.17,69.12,69.145,0,0.0,0.0,KO
2025-07-24 18:00:00-04:00,69.17,69.22,69.1,69.18,0,0.0,0.0,KO
2025-07-24 19:00:00-04:00,69.2,69.2,69.14,69.1986,0,0.0,0.0,KO
2025-07-25 04:00:00-04:00,69.42,69.42,69.05,69.18,0,0.0,0.0,KO
2025-07-25 05:00:00-04:00,69.19,69.2,69.17,69.19,0,0.0,0.0,KO
2025-07-25 06:00:00-04:00,69.2,69.2,69.18,69.2,0,0.0,0.0,KO
2025-07-25 07:00:00-04:00,69.2,69.2,69.17,69.19,0,0.0,0.0,KO
2025-07-25 08:00:00-04:00,69.18,69.2288,69.04,69.15,0,0.0,0.0,KO
2025-07-25 09:00:00-04:00,69.13,69.19,69.07,69.11,0,0.0,0.0,KO
2025-07-25 09:30:00-04:00,69.12999725341797,69.12999725341797,68.75,68.84559631347656,2894504,0.0,0.0,KO
2025-07-25 10:30:00-04:00,68.84500122070312,68.9749984741211,68.77999877929688,68.81500244140625,1192363,0.0,0.0,KO
2025-07-25 11:30:00-04:00,68.80999755859375,68.94670104980469,68.79000091552734,68.9000015258789,875955,0.0,0.0,KO
2025-07-25 12:30:00-04:00,68.90119934082031,68.98999786376953,68.87999725341797,68.9542007446289,731956,0.0,0.0,KO
2025-07-25 13:30:00-04:00,68.95500183105469,69.0199966430664,68.87999725341797,68.92500305175781,1024634,0.0,0.0,KO
2025-07-25 14:30:00-04:00,68.92500305175781,69.16500091552734,68.90499877929688,69.16500091552734,1004671,0.0,0.0,KO
2025-07-25 15:30:00-04:00,69.16999816894531,69.2300033569336,69.07499694824219,69.16999816894531,2283929,0.0,0.0,KO
2025-07-25 16:00:00-04:00,69.17,69.2,69.02,69.13,0,0.0,0.0,KO
2025-07-25 17:00:00-04:00,69.12,69.16,69.1,69.15,0,0.0,0.0,KO
2025-07-25 18:00:00-04:00,69.15,69.16,69.1,69.13,0,0.0,0.0,KO
2025-07-25 19:00:00-04:00,69.13,69.18,69.1,69.13,0,0.0,0.0,KO
2025-07-28 04:00:00-04:00,69.14,69.2,69.1,69.15,0,0.0,0.0,KO
2025-07-28 05:00:00-04:00,69.15,69.16,69.13,69.14,0,0.0,0.0,KO
2025-07-28 06:00:00-04:00,69.14,69.19,69.13,69.16,0,0.0,0.0,KO
2025-07-28 07:00:00-04:00,69.16,69.16,68.94,68.99,0,0.0,0.0,KO
2025-07-28 08:00:00-04:00,68.99,69.22,68.9,69.02,0,0.0,0.0,KO
2025-07-28 09:00:00-04:00,69.0,69.05,68.89,68.95,0,0.0,0.0,KO
2025-07-28 09:30:00-04:00,68.73999786376953,68.9000015258789,68.54000091552734,68.67749786376953,2613841,0.0,0.0,KO
2025-07-28 10:30:00-04:00,68.67500305175781,68.76499938964844,68.54000091552734,68.73500061035156,1301041,0.0,0.0,KO
2025-07-28 11:30:00-04:00,68.73999786376953,68.73999786376953,68.31999969482422,68.375,1595373,0.0,0.0,KO
2025-07-28 12:30:00-04:00,68.375,68.38999938964844,68.20999908447266,68.24299621582031,1433775,0.0,0.0,KO
2025-07-28 13:30:00-04:00,68.25,68.26820373535156,68.08219909667969,68.16500091552734,937382,0.0,0.0,KO
2025-07-28 14:30:00-04:00,68.16500091552734,68.27999877929688,68.10330200195312,68.1449966430664,1604055,0.0,0.0,KO
2025-07-28 15:30:00-04:00,68.1449966430664,68.19000244140625,68.05999755859375,68.0999984741211,2049779,0.0,0.0,KO
2025-07-28 16:00:00-04:00,68.0999,68.22,68.07,68.22,0,0.0,0.0,KO
2025-07-28 17:00:00-04:00,68.21,68.22,68.18,68.22,0,0.0,0.0,KO
2025-07-28 18:00:00-04:00,68.22,68.26,68.18,68.2,0,0.0,0.0,KO
2025-07-28 19:00:00-04:00,68.21,68.26,68.18,68.2,0,0.0,0.0,KO
2025-07-29 04:00:00-04:00,68.26,68.3,68.22,68.27,0,0.0,0.0,KO
2025-07-29 05:00:00-04:00,68.27,68.34,68.22,68.27,0,0.0,0.0,KO
2025-07-29 06:00:00-04:00,68.29,68.32,68.24,68.26,0,0.0,0.0,KO
2025-07-29 07:00:00-04:00,68.25,68.29,68.22,68.22,0,0.0,0.0,KO
2025-07-29 08:00:00-04:00,68.22,68.344,68.09,68.2,0,0.0,0.0,KO
2025-07-29 09:00:00-04:00,68.2,68.27,68.13,68.14,0,0.0,0.0,KO
2025-07-29 09:30:00-04:00,68.33999633789062,68.78710174560547,68.1500015258789,68.75499725341797,2421200,0.0,0.0,KO
2025-07-29 10:30:00-04:00,68.7500991821289,69.29989624023438,68.6449966430664,69.23500061035156,1928801,0.0,0.0,KO
2025-07-29 11:30:00-04:00,69.23500061035156,69.34500122070312,68.9800033569336,69.30500030517578,1657653,0.0,0.0,KO
2025-07-29 12:30:00-04:00,69.30999755859375,69.36499786376953,69.05000305175781,69.09729766845703,1071478,0.0,0.0,KO
2025-07-29 13:30:00-04:00,69.09010314941406,69.20999908447266,68.87000274658203,69.05999755859375,1147792,0.0,0.0,KO
2025-07-29 14:30:00-04:00,69.06500244140625,69.17900085449219,69.01010131835938,69.1500015258789,1335458,0.0,0.0,KO
2025-07-29 15:30:00-04:00,69.15499877929688,69.41999816894531,69.1500015258789,69.37999725341797,2782672,0.0,0.0,KO
2025-07-29 16:00:00-04:00,69.38,69.4,69.28,69.345,0,0.0,0.0,KO
2025-07-29 17:00:00-04:00,69.34,69.38,69.33,69.36,0,0.0,0.0,KO
2025-07-29 18:00:00-04:00,69.34,69.36,69.33,69.34,0,0.0,0.0,KO
2025-07-29 19:00:00-04:00,69.35,69.36,69.33,69.33,0,0.0,0.0,KO
2025-07-30 04:00:00-04:00,69.36,69.38,69.23,69.25,0,0.0,0.0,KO
2025-07-30 05:00:00-04:00,69.25,69.27,69.21,69.26,0,0.0,0.0,KO
2025-07-30 06:00:00-04:00,69.26,69.27,69.1,69.13,0,0.0,0.0,KO
2025-07-30 07:00:00-04:00,69.15,69.24,69.13,69.24,0,0.0,0.0,KO
2025-07-30 08:00:00-04:00,69.24,69.38,69.1,69.25,0,0.0,0.0,KO
2025-07-30 09:00:00-04:00,69.29,69.32,69.1,69.18,0,0.0,0.0,KO
2025-07-30 09:30:00-04:00,69.11000061035156,69.25,68.97000122070312,69.0802001953125,1641385,0.0,0.0,KO
2025-07-30 10:30:00-04:00,69.08000183105469,69.19000244140625,69.00499725341797,69.15499877929688,925271,0.0,0.0,KO
2025-07-30 11:30:00-04:00,69.1500015258789,69.27989959716797,69.01499938964844,69.24500274658203,684046,0.0,0.0,KO
2025-07-30 12:30:00-04:00,69.24500274658203,69.24500274658203,69.08499908447266,69.13500213623047,467063,0.0,0.0,KO
2025-07-30 13:30:00-04:00,69.13999938964844,69.27999877929688,69.12000274658203,69.25499725341797,760560,0.0,0.0,KO
2025-07-30 14:30:00-04:00,69.25499725341797,69.33000183105469,68.66500091552734,68.69000244140625,1486853,0.0,0.0,KO
2025-07-30 15:30:00-04:00,68.69499969482422,68.7699966430664,68.5250015258789,68.76000213623047,1947355,0.0,0.0,KO
2025-07-30 16:00:00-04:00,68.75,68.86,68.53,68.59,0,0.0,0.0,KO
2025-07-30 17:00:00-04:00,68.55,68.7,68.38,68.495,0,0.0,0.0,KO
2025-07-30 18:00:00-04:00,68.4,68.75,68.4,68.52,0,0.0,0.0,KO
2025-07-30 19:00:00-04:00,68.5187,68.59,68.42,68.49,0,0.0,0.0,KO
2025-07-31 04:00:00-04:00,68.34,68.71,68.34,68.45,0,0.0,0.0,KO
2025-07-31 05:00:00-04:00,68.45,68.5,68.44,68.5,0,0.0,0.0,KO
2025-07-31 06:00:00-04:00,68.49,68.52,68.46,68.49,0,0.0,0.0,KO
2025-07-31 07:00:00-04:00,68.5,68.5,68.26,68.35,0,0.0,0.0,KO
2025-07-31 08:00:00-04:00,68.35,68.58,68.25,68.4,0,0.0,0.0,KO
2025-07-31 09:00:00-04:00,68.39,68.75,68.24,68.305,0,0.0,0.0,KO
2025-07-31 09:30:00-04:00,68.1500015258789,68.4000015258789,67.91999816894531,68.24500274658203,2431320,0.0,0.0,KO
2025-07-31 10:30:00-04:00,68.24500274658203,68.42500305175781,68.13500213623047,68.1500015258789,1417457,0.0,0.0,KO
2025-07-31 11:30:00-04:00,68.13999938964844,68.52999877929688,68.13999938964844,68.46499633789062,1216039,0.0,0.0,KO
2025-07-31 12:30:00-04:00,68.45999908447266,68.6500015258789,68.34500122070312,68.4000015258789,1088802,0.0,0.0,KO
2025-07-31 13:30:00-04:00,68.4000015258789,68.41500091552734,68.20999908447266,68.4000015258789,1081344,0.0,0.0,KO
2025-07-31 14:30:00-04:00,68.3949966430664,68.41999816894531,68.0250015258789,68.05999755859375,1426138,0.0,0.0,KO
2025-07-31 15:30:00-04:00,68.05549621582031,68.11000061035156,67.73999786376953,67.91999816894531,2318694,0.0,0.0,KO
2025-07-31 16:00:00-04:00,67.89,68.52292,67.77,67.99,0,0.0,0.0,KO
2025-07-31 17:00:00-04:00,67.99,68.0,67.95,67.95,0,0.0,0.0,KO
2025-07-31 18:00:00-04:00,67.99,68.02,67.9,68.0194,0,0.0,0.0,KO
2025-07-31 19:00:00-04:00,68.01,68.09,68.01,68.01,0,0.0,0.0,KO
2025-08-01 04:00:00-04:00,67.88,68.11,67.81,68.02,0,0.0,0.0,KO
2025-08-01 05:00:00-04:00,68.01,68.04,67.94,67.99,0,0.0,0.0,KO
2025-08-01 06:00:00-04:00,67.99,68.0,67.94,67.96,0,0.0,0.0,KO
2025-08-01 07:00:00-04:00,67.96,67.98,67.87,67.94,0,0.0,0.0,KO
2025-08-01 08:00:00-04:00,67.93,68.1588,67.82,67.975,0,0.0,0.0,KO
2025-08-01 09:00:00-04:00,68.0,68.36,67.96,68.2506,0,0.0,0.0,KO
2025-08-01 09:30:00-04:00,68.59500122070312,68.94000244140625,68.2699966430664,68.50270080566406,3869091,0.0,0.0,KO
2025-08-01 10:30:00-04:00,68.54499816894531,68.89009857177734,68.41999816894531,68.89009857177734,1633903,0.0,0.0,KO
2025-08-01 11:30:00-04:00,68.8949966430664,68.9800033569336,68.7334976196289,68.84989929199219,1072811,0.0,0.0,KO
2025-08-01 12:30:00-04:00,68.84500122070312,68.9800033569336,68.7300033569336,68.91999816894531,1166379,0.0,0.0,KO
2025-08-01 13:30:00-04:00,68.9197998046875,69.01000213623047,68.7750015258789,68.9000015258789,1182979,0.0,0.0,KO
2025-08-01 14:30:00-04:00,68.90499877929688,69.04000091552734,68.80000305175781,68.82499694824219,1231799,0.0,0.0,KO
2025-08-01 15:30:00-04:00,68.82499694824219,69.01000213623047,68.76000213623047,68.86000061035156,2268287,0.0,0.0,KO
2025-08-01 16:00:00-04:00,68.86,69.03,68.81,68.86,0,0.0,0.0,KO
2025-08-01 17:00:00-04:00,68.83,68.85,65.0687,68.85,0,0.0,0.0,KO
2025-08-01 18:00:00-04:00,68.8,68.85,68.75,68.82,0,0.0,0.0,KO
2025-08-01 19:00:00-04:00,68.85,68.85,68.8,68.84,0,0.0,0.0,KO
2025-08-04 04:00:00-04:00,68.85,68.98,68.82,68.85,0,0.0,0.0,KO
2025-08-04 05:00:00-04:00,68.86,68.9,68.8,68.8,0,0.0,0.0,KO
2025-08-04 06:00:00-04:00,68.84,68.9,68.79,68.88,0,0.0,0.0,KO
2025-08-04 07:00:00-04:00,68.89,68.9,68.75,68.76,0,0.0,0.0,KO
2025-08-04 08:00:00-04:00,68.76,68.9988,68.71,68.9,0,0.0,0.0,KO
2025-08-04 09:00:00-04:00,68.89,68.89,68.51,68.82,0,0.0,0.0,KO
2025-08-04 09:30:00-04:00,68.71499633789062,68.87000274658203,68.30999755859375,68.58999633789062,2053175,0.0,0.0,KO
2025-08-04 10:30:00-04:00,68.58499908447266,68.73999786376953,68.41999816894531,68.57499694824219,1175706,0.0,0.0,KO
2025-08-04 11:30:00-04:00,68.5781021118164,68.83999633789062,68.55000305175781,68.71499633789062,753847,0.0,0.0,KO
2025-08-04 12:30:00-04:00,68.71880340576172,68.8499984741211,68.71880340576172,68.75,735301,0.0,0.0,KO
2025-08-04 13:30:00-04:00,68.75499725341797,68.91999816894531,68.73999786376953,68.8550033569336,823416,0.0,0.0,KO
2025-08-04 14:30:00-04:00,68.8550033569336,69.08499908447266,68.85420227050781,68.98500061035156,1090539,0.0,0.0,KO
2025-08-04 15:30:00-04:00,68.98169708251953,69.04499816894531,68.91500091552734,68.94999694824219,1898196,0.0,0.0,KO
2025-08-04 16:00:00-04:00,68.96,69.145,68.83,68.9,0,0.0,0.0,KO
2025-08-04 17:00:00-04:00,68.83,68.97,68.83,68.915,0,0.0,0.0,KO
2025-08-04 18:00:00-04:00,68.93,68.93,68.9,68.9,0,0.0,0.0,KO
2025-08-04 19:00:00-04:00,68.9,68.95,68.8,68.95,0,0.0,0.0,KO
2025-08-05 04:00:00-04:00,69.03,69.03,68.79,68.85,0,0.0,0.0,KO
2025-08-05 05:00:00-04:00,68.83,68.95,68.8,68.91,0,0.0,0.0,KO
2025-08-05 06:00:00-04:00,68.95,68.95,68.91,68.94,0,0.0,0.0,KO
2025-08-05 07:00:00-04:00,68.94,68.97,68.85,68.88,0,0.0,0.0,KO
2025-08-05 08:00:00-04:00,68.88,69.0388,68.65,68.86,0,0.0,0.0,KO
2025-08-05 09:00:00-04:00,68.87,68.95,68.85,68.92,0,0.0,0.0,KO
2025-08-05 09:30:00-04:00,68.9000015258789,69.19000244140625,68.75,69.19000244140625,1833055,0.0,0.0,KO
2025-08-05 10:30:00-04:00,69.19499969482422,69.48500061035156,68.9000015258789,69.08000183105469,1961799,0.0,0.0,KO
2025-08-05 11:30:00-04:00,69.08499908447266,69.22000122070312,68.90499877929688,68.92500305175781,870570,0.0,0.0,KO
2025-08-05 12:30:00-04:00,68.93000030517578,69.22000122070312,68.92250061035156,69.1449966430664,613362,0.0,0.0,KO
2025-08-05 13:30:00-04:00,69.1449966430664,69.22850036621094,69.0,69.08000183105469,683595,0.0,0.0,KO
2025-08-05 14:30:00-04:00,69.08000183105469,69.24659729003906,69.0250015258789,69.10810089111328,1127641,0.0,0.0,KO
2025-08-05 15:30:00-04:00,69.0999984741211,69.10929870605469,68.97000122070312,69.04000091552734,1950806,0.0,0.0,KO
2025-08-05 16:00:00-04:00,69.05,69.13,68.92,69.11,0,0.0,0.0,KO
2025-08-05 17:00:00-04:00,69.1,69.13,68.96,69.08,0,0.0,0.0,KO
2025-08-05 18:00:00-04:00,69.08,69.13,69.03,69.045,0,0.0,0.0,KO
2025-08-05 19:00:00-04:00,69.0498,69.13,69.04,69.04,0,0.0,0.0,KO
2025-08-06 04:00:00-04:00,69.03,69.14,68.99,69.02,0,0.0,0.0,KO
2025-08-06 05:00:00-04:00,69.03,69.05,68.94,69.0,0,0.0,0.0,KO
2025-08-06 06:00:00-04:00,69.01,69.02,68.97,69.0,0,0.0,0.0,KO
2025-08-06 07:00:00-04:00,69.0,69.01,68.89,68.93,0,0.0,0.0,KO
2025-08-06 08:00:00-04:00,68.9,69.1788,68.86,68.935,0,0.0,0.0,KO
2025-08-06 09:00:00-04:00,68.9,69.04,68.9,69.04,0,0.0,0.0,KO
2025-08-06 09:30:00-04:00,69.12000274658203,69.27999877929688,68.62999725341797,69.2300033569336,1600724,0.0,0.0,KO
2025-08-06 10:30:00-04:00,69.22000122070312,69.4800033569336,69.20500183105469,69.38999938964844,1208558,0.0,0.0,KO
2025-08-06 11:30:00-04:00,69.4000015258789,69.52999877929688,69.31999969482422,69.51239776611328,831204,0.0,0.0,KO
2025-08-06 12:30:00-04:00,69.5199966430664,69.69999694824219,69.41999816894531,69.55000305175781,874828,0.0,0.0,KO
2025-08-06 13:30:00-04:00,69.54499816894531,69.76499938964844,69.54000091552734,69.75,820804,0.0,0.0,KO
2025-08-06 14:30:00-04:00,69.74500274658203,69.75,69.58999633789062,69.69999694824219,1032450,0.0,0.0,KO
2025-08-06 15:30:00-04:00,69.70500183105469,69.80000305175781,69.4800033569336,69.5199966430664,2440228,0.0,0.0,KO
2025-08-06 16:00:00-04:00,69.51,69.85,68.0797,69.49,0,0.0,0.0,KO
2025-08-06 17:00:00-04:00,69.5,72.1999,68.0797,69.35,0,0.0,0.0,KO
2025-08-06 18:00:00-04:00,69.42,69.5,69.23,69.48,0,0.0,0.0,KO
2025-08-06 19:00:00-04:00,69.46,69.49,69.4,69.4,0,0.0,0.0,KO
2025-08-07 04:00:00-04:00,69.42,69.61,69.42,69.47,0,0.0,0.0,KO
2025-08-07 05:00:00-04:00,69.45,69.49,69.44,69.47,0,0.0,0.0,KO
2025-08-07 06:00:00-04:00,69.47,69.49,69.41,69.42,0,0.0,0.0,KO
2025-08-07 07:00:00-04:00,69.42,69.44,69.25,69.28,0,0.0,0.0,KO
2025-08-07 08:00:00-04:00,69.28,69.58,69.225,69.28,0,0.0,0.0,KO
2025-08-07 09:00:00-04:00,69.25,69.51,69.13,69.245,0,0.0,0.0,KO
2025-08-07 09:30:00-04:00,69.45999908447266,70.28500366210938,69.33000183105469,70.08000183105469,2841357,0.0,0.0,KO
2025-08-07 10:30:00-04:00,70.08999633789062,70.20999908447266,69.87370300292969,69.88999938964844,1579662,0.0,0.0,KO
2025-08-07 11:30:00-04:00,69.87999725341797,70.31999969482422,69.87999725341797,70.20500183105469,1616994,0.0,0.0,KO
2025-08-07 12:30:00-04:00,70.20500183105469,70.45989990234375,70.1500015258789,70.43499755859375,1361909,0.0,0.0,KO
2025-08-07 13:30:00-04:00,70.43499755859375,70.625,70.43000030517578,70.58999633789062,1222486,0.0,0.0,KO
2025-08-07 14:30:00-04:00,70.58999633789062,70.71499633789062,70.27999877929688,70.34500122070312,1340804,0.0,0.0,KO
2025-08-07 15:30:00-04:00,70.34500122070312,70.61499786376953,70.34500122070312,70.45999908447266,2438909,0.0,0.0,KO
2025-08-07 16:00:00-04:00,70.43,70.51,70.25,70.25,0,0.0,0.0,KO
2025-08-07 17:00:00-04:00,70.25,70.4,70.25,70.29,0,0.0,0.0,KO
2025-08-07 18:00:00-04:00,70.26,70.34,70.25,70.27,0,0.0,0.0,KO
2025-08-07 19:00:00-04:00,70.27,70.34,70.25,70.34,0,0.0,0.0,KO
2025-08-08 04:00:00-04:00,70.35,70.43,70.19,70.27,0,0.0,0.0,KO
2025-08-08 05:00:00-04:00,70.25,70.27,70.23,70.26,0,0.0,0.0,KO
2025-08-08 06:00:00-04:00,70.26,70.28,70.25,70.27,0,0.0,0.0,KO
2025-08-08 07:00:00-04:00,70.26,70.29,70.25,70.29,0,0.0,0.0,KO
2025-08-08 08:00:00-04:00,70.29,70.4788,70.168,70.36,0,0.0,0.0,KO
2025-08-08 09:00:00-04:00,70.36,70.4,70.27,70.38,0,0.0,0.0,KO
2025-08-08 09:30:00-04:00,70.36499786376953,70.87100219726562,70.36499786376953,70.72000122070312,1819640,0.0,0.0,KO
2025-08-08 10:30:00-04:00,70.7249984741211,70.81999969482422,70.43000030517578,70.44280242919922,1065629,0.0,0.0,KO
2025-08-08 11:30:00-04:00,70.44000244140625,70.51000213623047,70.31159973144531,70.46499633789062,994501,0.0,0.0,KO
2025-08-08 12:30:00-04:00,70.47000122070312,70.48999786376953,70.25499725341797,70.33499908447266,731387,0.0,0.0,KO
2025-08-08 13:30:00-04:00,70.33100128173828,70.37999725341797,70.20999908447266,70.37000274658203,614279,0.0,0.0,KO
2025-08-08 14:30:00-04:00,70.36000061035156,70.41999816894531,70.2300033569336,70.30660247802734,756352,0.0,0.0,KO
2025-08-08 15:30:00-04:00,70.30000305175781,70.36000061035156,70.08000183105469,70.33499908447266,1599799,0.0,0.0,KO
2025-08-08 16:00:00-04:00,70.34,70.46,70.1,70.39,0,0.0,0.0,KO
2025-08-08 17:00:00-04:00,70.35,70.43,70.3,70.36,0,0.0,0.0,KO
2025-08-08 18:00:00-04:00,70.3,70.36,70.3,70.34,0,0.0,0.0,KO
2025-08-08 19:00:00-04:00,70.36,70.36,70.32,70.32,0,0.0,0.0,KO
2025-08-11 04:00:00-04:00,70.34,70.43,70.26,70.37,0,0.0,0.0,KO
2025-08-11 05:00:00-04:00,70.37,70.39,70.35,70.39,0,0.0,0.0,KO
2025-08-11 06:00:00-04:00,70.38,70.44,70.38,70.41,0,0.0,0.0,KO
2025-08-11 07:00:00-04:00,70.39,70.41,70.36,70.39,0,0.0,0.0,KO
2025-08-11 08:00:00-04:00,70.37,70.6,70.2119,70.26,0,0.0,0.0,KO
2025-08-11 09:00:00-04:00,70.28,70.505,70.26,70.31,0,0.0,0.0,KO
2025-08-11 09:30:00-04:00,70.30000305175781,70.48999786376953,70.05000305175781,70.2249984741211,2061160,0.0,0.0,KO
2025-08-11 10:30:00-04:00,70.22000122070312,70.2750015258789,69.95999908447266,70.23539733886719,1228036,0.0,0.0,KO
2025-08-11 11:30:00-04:00,70.2300033569336,70.45500183105469,70.19000244140625,70.38500213623047,826243,0.0,0.0,KO
2025-08-11 12:30:00-04:00,70.37999725341797,70.4198989868164,70.24500274658203,70.36000061035156,693314,0.0,0.0,KO
2025-08-11 13:30:00-04:00,70.36499786376953,70.70500183105469,70.3499984741211,70.68499755859375,914212,0.0,0.0,KO
2025-08-11 14:30:00-04:00,70.69000244140625,70.84500122070312,70.63999938964844,70.7750015258789,1248021,0.0,0.0,KO
2025-08-11 15:30:00-04:00,70.77279663085938,70.86000061035156,70.69000244140625,70.78500366210938,2003709,0.0,0.0,KO
2025-08-11 16:00:00-04:00,70.75,70.85,70.49,70.49,0,0.0,0.0,KO
2025-08-11 17:00:00-04:00,70.71,70.79,65.7444,70.72,0,0.0,0.0,KO
2025-08-11 18:00:00-04:00,70.7,70.72,70.49,70.605,0,0.0,0.0,KO
2025-08-11 19:00:00-04:00,70.62,70.79,70.49,70.7,0,0.0,0.0,KO
2025-08-12 04:00:00-04:00,70.67,70.73,70.63,70.67,0,0.0,0.0,KO
2025-08-12 05:00:00-04:00,70.64,70.67,70.62,70.63,0,0.0,0.0,KO
2025-08-12 06:00:00-04:00,70.63,70.66,70.63,70.64,0,0.0,0.0,KO
2025-08-12 07:00:00-04:00,70.64,70.64,70.62,70.62,0,0.0,0.0,KO
2025-08-12 08:00:00-04:00,70.62,70.75,70.6,70.65,0,0.0,0.0,KO
2025-08-12 09:00:00-04:00,70.65,70.85,70.6,70.73,0,0.0,0.0,KO
2025-08-12 09:30:00-04:00,70.81500244140625,71.05999755859375,70.40950012207031,70.46499633789062,1572839,0.0,0.0,KO
2025-08-12 10:30:00-04:00,70.46499633789062,70.6449966430664,70.2750015258789,70.34500122070312,1378016,0.0,0.0,KO
2025-08-12 11:30:00-04:00,70.34500122070312,70.55999755859375,70.22000122070312,70.53990173339844,967858,0.0,0.0,KO
2025-08-12 12:30:00-04:00,70.54000091552734,70.64969635009766,70.44000244140625,70.6449966430664,752217,0.0,0.0,KO
2025-08-12 13:30:00-04:00,70.6449966430664,70.76000213623047,70.61000061035156,70.625,1042667,0.0,0.0,KO
2025-08-12 14:30:00-04:00,70.625,70.65499877929688,70.54499816894531,70.57499694824219,813848,0.0,0.0,KO
2025-08-12 15:30:00-04:00,70.57499694824219,70.76000213623047,70.53500366210938,70.7300033569336,1762399,0.0,0.0,KO
2025-08-12 16:00:00-04:00,70.71,70.75,68.6975,70.6,0,0.0,0.0,KO
2025-08-12 17:00:00-04:00,70.65,70.7,70.6,70.6,0,0.0,0.0,KO
2025-08-12 18:00:00-04:00,70.64,70.7,70.6,70.68,0,0.0,0.0,KO
2025-08-12 19:00:00-04:00,70.66,70.7,70.66,70.66,0,0.0,0.0,KO
2025-08-13 04:00:00-04:00,70.6,70.66,70.51,70.62,0,0.0,0.0,KO
2025-08-13 05:00:00-04:00,70.62,70.7,70.57,70.68,0,0.0,0.0,KO
2025-08-13 06:00:00-04:00,70.68,70.71,70.64,70.7,0,0.0,0.0,KO
2025-08-13 07:00:00-04:00,70.67,70.69,70.65,70.67,0,0.0,0.0,KO
2025-08-13 08:00:00-04:00,70.67,70.7988,70.5,70.65,0,0.0,0.0,KO
2025-08-13 09:00:00-04:00,70.66,70.69,70.6,70.63,0,0.0,0.0,KO
2025-08-13 09:30:00-04:00,70.69000244140625,70.7699966430664,70.2300033569336,70.31999969482422,1640830,0.0,0.0,KO
2025-08-13 10:30:00-04:00,70.32499694824219,70.66439819335938,70.2300033569336,70.58280181884766,936341,0.0,0.0,KO
2025-08-13 11:30:00-04:00,70.58509826660156,70.7249984741211,70.4800033569336,70.55500030517578,765355,0.0,0.0,KO
2025-08-13 12:30:00-04:00,70.55500030517578,70.63999938964844,70.38500213623047,70.3949966430664,656620,0.0,0.0,KO
2025-08-13 13:30:00-04:00,70.39579772949219,70.51000213623047,70.34349822998047,70.43499755859375,575707,0.0,0.0,KO
2025-08-13 14:30:00-04:00,70.43000030517578,70.51000213623047,70.30000305175781,70.42500305175781,856715,0.0,0.0,KO
2025-08-13 15:30:00-04:00,70.43000030517578,70.5250015258789,70.41500091552734,70.47000122070312,1613375,0.0,0.0,KO
2025-08-13 16:00:00-04:00,70.46,70.9225,70.4,70.47,0,0.0,0.0,KO
2025-08-13 17:00:00-04:00,70.46,70.9225,69.215,70.43,0,0.0,0.0,KO
2025-08-13 18:00:00-04:00,70.45,70.5,70.4,70.4,0,0.0,0.0,KO
2025-08-13 19:00:00-04:00,70.4,70.5,70.36,70.445,0,0.0,0.0,KO
2025-08-14 04:00:00-04:00,70.24,70.49,70.24,70.48,0,0.0,0.0,KO
2025-08-14 05:00:00-04:00,70.48,70.52,70.48,70.5,0,0.0,0.0,KO
2025-08-14 06:00:00-04:00,70.5,70.52,70.49,70.5,0,0.0,0.0,KO
2025-08-14 07:00:00-04:00,70.5,70.52,70.4,70.4,0,0.0,0.0,KO
2025-08-14 08:00:00-04:00,70.42,70.6,70.25,70.4229,0,0.0,0.0,KO
2025-08-14 09:00:00-04:00,70.37,70.65,70.37,70.54,0,0.0,0.0,KO
2025-08-14 09:30:00-04:00,70.37999725341797,70.45999908447266,69.76499938964844,69.81500244140625,1746127,0.0,0.0,KO
2025-08-14 10:30:00-04:00,69.81999969482422,69.87000274658203,69.69499969482422,69.78500366210938,1143411,0.0,0.0,KO
2025-08-14 11:30:00-04:00,69.78500366210938,69.79000091552734,69.55000305175781,69.62000274658203,1058549,0.0,0.0,KO
2025-08-14 12:30:00-04:00,69.625,69.70269775390625,69.56999969482422,69.66639709472656,601725,0.0,0.0,KO
2025-08-14 13:30:00-04:00,69.66500091552734,69.68000030517578,69.4800033569336,69.5250015258789,762850,0.0,0.0,KO
2025-08-14 14:30:00-04:00,69.5250015258789,69.66999816894531,69.44999694824219,69.62999725341797,1198167,0.0,0.0,KO
2025-08-14 15:30:00-04:00,69.62999725341797,69.62999725341797,69.38999938964844,69.5250015258789,2292202,0.0,0.0,KO
2025-08-14 16:00:00-04:00,69.55,69.66,69.48,69.57,0,0.0,0.0,KO
2025-08-14 17:00:00-04:00,69.61,69.74,69.5,69.61,0,0.0,0.0,KO
2025-08-14 18:00:00-04:00,69.61,69.64,69.59,69.63,0,0.0,0.0,KO
2025-08-14 19:00:00-04:00,69.64,69.64,69.6,69.62,0,0.0,0.0,KO
2025-08-15 04:00:00-04:00,69.65,69.72,69.63,69.68,0,0.0,0.0,KO
2025-08-15 05:00:00-04:00,69.69,69.69,69.67,69.68,0,0.0,0.0,KO
2025-08-15 06:00:00-04:00,69.69,69.73,69.67,69.7,0,0.0,0.0,KO
2025-08-15 07:00:00-04:00,69.7,69.76,69.7,69.73,0,0.0,0.0,KO
2025-08-15 08:00:00-04:00,69.73,69.9788,69.58,69.68,0,0.0,0.0,KO
2025-08-15 09:00:00-04:00,69.65,69.7,69.55,69.65,0,0.0,0.0,KO
2025-08-15 09:30:00-04:00,69.73999786376953,70.08000183105469,69.56999969482422,69.69000244140625,2790465,0.0,0.0,KO
2025-08-15 10:30:00-04:00,69.69000244140625,70.00509643554688,69.69000244140625,69.74500274658203,1005572,0.0,0.0,KO
2025-08-15 11:30:00-04:00,69.75,69.96499633789062,69.74500274658203,69.81999969482422,839726,0.0,0.0,KO
2025-08-15 12:30:00-04:00,69.81999969482422,70.05500030517578,69.81999969482422,70.01499938964844,1189360,0.0,0.0,KO
2025-08-15 13:30:00-04:00,70.01000213623047,70.33000183105469,69.93000030517578,70.27999877929688,807695,0.0,0.0,KO
2025-08-15 14:30:00-04:00,70.27999877929688,70.38500213623047,70.11000061035156,70.12000274658203,971150,0.0,0.0,KO
2025-08-15 15:30:00-04:00,70.11499786376953,70.15499877929688,69.88999938964844,69.94000244140625,2199872,0.0,0.0,KO
2025-08-15 16:00:00-04:00,69.94,70.08,66.124,69.95,0,0.0,0.0,KO
2025-08-15 17:00:00-04:00,70.08,70.08,69.7,69.8,0,0.0,0.0,KO
2025-08-15 18:00:00-04:00,69.8,69.8,69.75,69.77,0,0.0,0.0,KO
2025-08-15 19:00:00-04:00,69.77,69.8,69.75,69.8,0,0.0,0.0,KO
2025-08-18 04:00:00-04:00,69.92,70.0,69.72,69.89,0,0.0,0.0,KO
2025-08-18 05:00:00-04:00,69.91,69.96,69.9,69.94,0,0.0,0.0,KO
2025-08-18 06:00:00-04:00,69.92,69.94,69.92,69.93,0,0.0,0.0,KO
2025-08-18 07:00:00-04:00,69.94,69.94,69.92,69.92,0,0.0,0.0,KO
2025-08-18 08:00:00-04:00,69.92,70.0,69.8,69.95,0,0.0,0.0,KO
2025-08-18 09:00:00-04:00,69.93,70.0,69.9,69.9912,0,0.0,0.0,KO
2025-08-18 09:30:00-04:00,69.9800033569336,70.05000305175781,69.68009948730469,69.72000122070312,2081570,0.0,0.0,KO
2025-08-18 10:30:00-04:00,69.70999908447266,69.79000091552734,69.54000091552734,69.54000091552734,1502439,0.0,0.0,KO
2025-08-18 11:30:00-04:00,69.54000091552734,69.60810089111328,69.33000183105469,69.3550033569336,1039764,0.0,0.0,KO
2025-08-18 12:30:00-04:00,69.3550033569336,69.46499633789062,69.26499938964844,69.33499908447266,1030584,0.0,0.0,KO
2025-08-18 13:30:00-04:00,69.33999633789062,69.36499786376953,69.06500244140625,69.06500244140625,1148550,0.0,0.0,KO
2025-08-18 14:30:00-04:00,69.06500244140625,69.19000244140625,69.05000305175781,69.13500213623047,1074580,0.0,0.0,KO
2025-08-18 15:30:00-04:00,69.13500213623047,69.29499816894531,69.12999725341797,69.1449966430664,2412520,0.0,0.0,KO
2025-08-18 16:00:00-04:00,69.14,69.23,69.1,69.1983,0,0.0,0.0,KO
2025-08-18 17:00:00-04:00,69.19,69.22,69.14,69.21,0,0.0,0.0,KO
2025-08-18 18:00:00-04:00,69.22,69.29,69.2,69.26,0,0.0,0.0,KO
2025-08-18 19:00:00-04:00,69.26,69.28,69.25,69.2601,0,0.0,0.0,KO
2025-08-19 04:00:00-04:00,69.25,69.39,69.2,69.29,0,0.0,0.0,KO
2025-08-19 05:00:00-04:00,69.29,69.37,69.29,69.37,0,0.0,0.0,KO
2025-08-19 06:00:00-04:00,69.37,69.37,69.3,69.34,0,0.0,0.0,KO
2025-08-19 07:00:00-04:00,69.35,69.37,69.28,69.28,0,0.0,0.0,KO
2025-08-19 08:00:00-04:00,69.28,69.39,69.13,69.3252,0,0.0,0.0,KO
2025-08-19 09:00:00-04:00,69.3,69.33,69.13,69.28,0,0.0,0.0,KO
2025-08-19 09:30:00-04:00,69.30000305175781,69.83999633789062,69.30000305175781,69.83499908447266,1744047,0.0,0.0,KO
2025-08-19 10:30:00-04:00,69.83000183105469,69.9749984741211,69.70999908447266,69.73999786376953,1010179,0.0,0.0,KO
2025-08-19 11:30:00-04:00,69.73999786376953,69.90499877929688,69.66000366210938,69.875,664830,0.0,0.0,KO
2025-08-19 12:30:00-04:00,69.875,70.20500183105469,69.84010314941406,70.064697265625,1066382,0.0,0.0,KO
2025-08-19 13:30:00-04:00,70.06500244140625,70.08499908447266,69.91500091552734,69.98500061035156,577989,0.0,0.0,KO
2025-08-19 14:30:00-04:00,69.9800033569336,70.22000122070312,69.9749984741211,70.05999755859375,1032499,0.0,0.0,KO
2025-08-19 15:30:00-04:00,70.06719970703125,70.16000366210938,69.98999786376953,70.1449966430664,1816021,0.0,0.0,KO
2025-08-19 16:00:00-04:00,70.15,70.18,69.676,70.07,0,0.0,0.0,KO
2025-08-19 17:00:00-04:00,70.07,70.18,70.05,70.12,0,0.0,0.0,KO
2025-08-19 18:00:00-04:00,70.14,70.15,70.07,70.1,0,0.0,0.0,KO
2025-08-19 19:00:00-04:00,70.11,70.18,70.0,70.155,0,0.0,0.0,KO
2025-08-20 04:00:00-04:00,70.15,70.15,69.91,70.02,0,0.0,0.0,KO
2025-08-20 05:00:00-04:00,70.03,70.13,70.0,70.11,0,0.0,0.0,KO
2025-08-20 06:00:00-04:00,70.13,70.26,70.04,70.24,0,0.0,0.0,KO
2025-08-20 07:00:00-04:00,70.22,70.32,70.19,70.25,0,0.0,0.0,KO
2025-08-20 08:00:00-04:00,70.27,70.4,69.7612,70.34,0,0.0,0.0,KO
2025-08-20 09:00:00-04:00,70.38,70.44,70.3,70.39,0,0.0,0.0,KO
2025-08-20 09:30:00-04:00,70.73999786376953,71.70500183105469,70.55000305175781,71.05000305175781,4654307,0.0,0.0,KO
2025-08-20 10:30:00-04:00,71.04000091552734,71.19000244140625,70.58000183105469,70.6500015258789,2022039,0.0,0.0,KO
2025-08-20 11:30:00-04:00,70.6500015258789,70.95999908447266,70.6449966430664,70.82510375976562,951998,0.0,0.0,KO
2025-08-20 12:30:00-04:00,70.82499694824219,70.87999725341797,70.61499786376953,70.64720153808594,821986,0.0,0.0,KO
2025-08-20 13:30:00-04:00,70.6500015258789,70.69999694824219,70.40499877929688,70.68000030517578,1211632,0.0,0.0,KO
2025-08-20 14:30:00-04:00,70.68000030517578,70.77510070800781,70.63999938964844,70.6500015258789,1159209,0.0,0.0,KO
2025-08-20 15:30:00-04:00,70.65499877929688,70.83000183105469,70.62999725341797,70.68499755859375,2272099,0.0,0.0,KO
2025-08-20 16:00:00-04:00,70.69,72.1999,70.38,70.655,0,0.0,0.0,KO
2025-08-20 17:00:00-04:00,70.8,70.8,70.51,70.705,0,0.0,0.0,KO
2025-08-20 18:00:00-04:00,70.68,70.79,70.62,70.66,0,0.0,0.0,KO
2025-08-20 19:00:00-04:00,70.64,70.71,70.62,70.62,0,0.0,0.0,KO
2025-08-21 04:00:00-04:00,70.88,70.88,70.43,70.49,0,0.0,0.0,KO
2025-08-21 05:00:00-04:00,70.42,70.54,70.38,70.47,0,0.0,0.0,KO
2025-08-21 06:00:00-04:00,70.47,70.55,70.42,70.42,0,0.0,0.0,KO
2025-08-21 07:00:00-04:00,70.44,70.67,70.3,70.65,0,0.0,0.0,KO
2025-08-21 08:00:00-04:00,70.67,70.909,70.2997,70.545,0,0.0,0.0,KO
2025-08-21 09:00:00-04:00,70.52,70.7,70.41,70.48,0,0.0,0.0,KO
2025-08-21 09:30:00-04:00,70.5999984741211,70.90499877929688,70.33000183105469,70.6449966430664,1563952,0.0,0.0,KO
2025-08-21 10:30:00-04:00,70.6449966430664,70.73999786376953,70.48500061035156,70.59519958496094,743278,0.0,0.0,KO
2025-08-21 11:30:00-04:00,70.5999984741211,70.625,70.46499633789062,70.55000305175781,673285,0.0,0.0,KO
2025-08-21 12:30:00-04:00,70.55000305175781,70.5999984741211,70.46499633789062,70.5250015258789,524278,0.0,0.0,KO
2025-08-21 13:30:00-04:00,70.5250015258789,70.6449966430664,70.50499725341797,70.5645980834961,646173,0.0,0.0,KO
2025-08-21 14:30:00-04:00,70.57499694824219,70.66999816894531,70.55500030517578,70.625,637458,0.0,0.0,KO
2025-08-21 15:30:00-04:00,70.625,70.66999816894531,70.56999969482422,70.62999725341797,1215160,0.0,0.0,KO
2025-08-21 16:00:00-04:00,70.63,70.66,70.48,70.65,0,0.0,0.0,KO
2025-08-21 17:00:00-04:00,70.65,70.66,70.6,70.62,0,0.0,0.0,KO
2025-08-21 18:00:00-04:00,70.63,70.64,70.6,70.63,0,0.0,0.0,KO
2025-08-21 19:00:00-04:00,70.63,70.66,70.6,70.61,0,0.0,0.0,KO
2025-08-22 04:00:00-04:00,70.72,70.8,70.41,70.68,0,0.0,0.0,KO
2025-08-22 05:00:00-04:00,70.68,70.7,70.67,70.69,0,0.0,0.0,KO
2025-08-22 06:00:00-04:00,70.68,70.72,70.67,70.72,0,0.0,0.0,KO
2025-08-22 07:00:00-04:00,70.7,70.74,70.7,70.74,0,0.0,0.0,KO
2025-08-22 08:00:00-04:00,70.72,70.8521,70.4092,70.75,0,0.0,0.0,KO
2025-08-22 09:00:00-04:00,70.75,70.87,70.72,70.795,0,0.0,0.0,KO
2025-08-22 09:30:00-04:00,70.95999908447266,71.0199966430664,70.20259857177734,70.39739990234375,2022150,0.0,0.0,KO
2025-08-22 10:30:00-04:00,70.4000015258789,70.44499969482422,69.91999816894531,70.21730041503906,1929923,0.0,0.0,KO
2025-08-22 11:30:00-04:00,70.22000122070312,70.26499938964844,70.0199966430664,70.16000366210938,1292159,0.0,0.0,KO
2025-08-22 12:30:00-04:00,70.16000366210938,70.30999755859375,70.11499786376953,70.1449966430664,896346,0.0,0.0,KO
2025-08-22 13:30:00-04:00,70.1449966430664,70.21759796142578,70.1050033569336,70.19499969482422,702320,0.0,0.0,KO
2025-08-22 14:30:00-04:00,70.19999694824219,70.26499938964844,69.98999786376953,70.0071029663086,1046060,0.0,0.0,KO
2025-08-22 15:30:00-04:00,70.00499725341797,70.19000244140625,70.00499725341797,70.13999938964844,1622831,0.0,0.0,KO
2025-08-22 16:00:00-04:00,70.13,70.2,70.08,70.155,0,0.0,0.0,KO
2025-08-22 17:00:00-04:00,70.16,70.2,70.15,70.16,0,0.0,0.0,KO
2025-08-22 18:00:00-04:00,70.15,70.2,70.15,70.2,0,0.0,0.0,KO
2025-08-22 19:00:00-04:00,70.175,70.2,70.15,70.2,0,0.0,0.0,KO
2025-08-25 04:00:00-04:00,70.2,70.24,70.1,70.18,0,0.0,0.0,KO
2025-08-25 05:00:00-04:00,70.17,70.2,70.15,70.19,0,0.0,0.0,KO
2025-08-25 06:00:00-04:00,70.19,70.2,70.13,70.17,0,0.0,0.0,KO
2025-08-25 07:00:00-04:00,70.18,70.19,70.04,70.04,0,0.0,0.0,KO
2025-08-25 08:00:00-04:00,70.09,70.2688,69.89,70.07,0,0.0,0.0,KO
2025-08-25 09:00:00-04:00,70.13,70.15,69.99,69.9983,0,0.0,0.0,KO
2025-08-25 09:30:00-04:00,70.11000061035156,70.2300033569336,69.59500122070312,69.70349884033203,2219819,0.0,0.0,KO
2025-08-25 10:30:00-04:00,69.70999908447266,69.71499633789062,69.30000305175781,69.37999725341797,1415725,0.0,0.0,KO
2025-08-25 11:30:00-04:00,69.37000274658203,69.47000122070312,69.23999786376953,69.26499938964844,964719,0.0,0.0,KO
2025-08-25 12:30:00-04:00,69.2699966430664,69.33509826660156,69.19999694824219,69.25,939715,0.0,0.0,KO
2025-08-25 13:30:00-04:00,69.24500274658203,69.26580047607422,69.05000305175781,69.17500305175781,1039952,0.0,0.0,KO
2025-08-25 14:30:00-04:00,69.18000030517578,69.18000030517578,68.83999633789062,68.875,1532151,0.0,0.0,KO
2025-08-25 15:30:00-04:00,68.87999725341797,68.98999786376953,68.71499633789062,68.91999816894531,2237129,0.0,0.0,KO
2025-08-25 16:00:00-04:00,68.93,69.15,68.9,69.04,0,0.0,0.0,KO
2025-08-25 17:00:00-04:00,69.05,70.275,68.93,69.0494,0,0.0,0.0,KO
2025-08-25 18:00:00-04:00,69.035,69.09,69.02,69.09,0,0.0,0.0,KO
2025-08-25 19:00:00-04:00,69.09,69.09,69.02,69.05,0,0.0,0.0,KO
2025-08-26 04:00:00-04:00,69.14,69.15,69.07,69.14,0,0.0,0.0,KO
2025-08-26 05:00:00-04:00,69.14,69.23,69.12,69.15,0,0.0,0.0,KO
2025-08-26 06:00:00-04:00,69.16,69.19,69.1,69.12,0,0.0,0.0,KO
2025-08-26 07:00:00-04:00,69.12,69.16,69.02,69.04,0,0.0,0.0,KO
2025-08-26 08:00:00-04:00,69.04,69.2328,69.0,69.08,0,0.0,0.0,KO
2025-08-26 09:00:00-04:00,69.08,69.1,69.05,69.08,0,0.0,0.0,KO
2025-08-26 09:30:00-04:00,69.04000091552734,69.08000183105469,68.69000244140625,68.82499694824219,2251865,0.0,0.0,KO
2025-08-26 10:30:00-04:00,68.83000183105469,68.875,68.67250061035156,68.77980041503906,1215549,0.0,0.0,KO
2025-08-26 11:30:00-04:00,68.7750015258789,68.79000091552734,68.66280364990234,68.77999877929688,974505,0.0,0.0,KO
2025-08-26 12:30:00-04:00,68.77999877929688,68.88700103759766,68.67420196533203,68.74500274658203,857148,0.0,0.0,KO
2025-08-26 13:30:00-04:00,68.75,68.92780303955078,68.69000244140625,68.875,817223,0.0,0.0,KO
2025-08-26 14:30:00-04:00,68.87000274658203,68.94000244140625,68.80999755859375,68.90460205078125,1285862,0.0,0.0,KO
2025-08-26 15:30:00-04:00,68.90499877929688,68.91500091552734,68.57499694824219,68.7300033569336,2655038,0.0,0.0,KO
2025-08-26 16:00:00-04:00,68.73,68.9,68.6,68.8,0,0.0,0.0,KO
2025-08-26 17:00:00-04:00,68.82,68.83,68.73,68.805,0,0.0,0.0,KO
2025-08-26 18:00:00-04:00,68.8,68.86,68.7384,68.83,0,0.0,0.0,KO
2025-08-26 19:00:00-04:00,68.83,68.85,68.77,68.84,0,0.0,0.0,KO
2025-08-27 04:00:00-04:00,68.89,68.97,68.84,68.91,0,0.0,0.0,KO
2025-08-27 05:00:00-04:00,68.91,68.96,68.89,68.92,0,0.0,0.0,KO
2025-08-27 06:00:00-04:00,68.93,68.94,68.9,68.93,0,0.0,0.0,KO
2025-08-27 07:00:00-04:00,68.92,68.94,68.81,68.83,0,0.0,0.0,KO
2025-08-27 08:00:00-04:00,68.86,68.9988,68.75,68.82,0,0.0,0.0,KO
2025-08-27 09:00:00-04:00,68.84,69.0724,68.8,68.83,0,0.0,0.0,KO
2025-08-27 09:30:00-04:00,68.81999969482422,68.85540008544922,68.55999755859375,68.56500244140625,1845441,0.0,0.0,KO
2025-08-27 10:30:00-04:00,68.56500244140625,68.75,68.55000305175781,68.61499786376953,1353254,0.0,0.0,KO
2025-08-27 11:30:00-04:00,68.61499786376953,68.73999786376953,68.46499633789062,68.7300033569336,1407867,0.0,0.0,KO
2025-08-27 12:30:00-04:00,68.7249984741211,68.7249984741211,68.50499725341797,68.55999755859375,909335,0.0,0.0,KO
2025-08-27 13:30:00-04:00,68.56500244140625,68.77999877929688,68.55999755859375,68.75499725341797,864116,0.0,0.0,KO
2025-08-27 14:30:00-04:00,68.75499725341797,68.77999877929688,68.67500305175781,68.71499633789062,1007287,0.0,0.0,KO
2025-08-27 15:30:00-04:00,68.72000122070312,68.87000274658203,68.69999694824219,68.79499816894531,1625054,0.0,0.0,KO
2025-08-27 16:00:00-04:00,68.83,68.88,68.69,68.88,0,0.0,0.0,KO
2025-08-27 17:00:00-04:00,68.87,68.88,68.8,68.85,0,0.0,0.0,KO
2025-08-27 18:00:00-04:00,68.86,68.9,68.84,68.88,0,0.0,0.0,KO
2025-08-27 19:00:00-04:00,68.88,68.92,68.8,68.9,0,0.0,0.0,KO
2025-08-28 04:00:00-04:00,68.94,68.94,68.81,68.93,0,0.0,0.0,KO
2025-08-28 05:00:00-04:00,68.9,68.95,68.9,68.93,0,0.0,0.0,KO
2025-08-28 06:00:00-04:00,68.93,68.96,68.93,68.95,0,0.0,0.0,KO
2025-08-28 07:00:00-04:00,68.95,68.95,68.91,68.93,0,0.0,0.0,KO
2025-08-28 08:00:00-04:00,68.93,69.07,68.81,69.025,0,0.0,0.0,KO
2025-08-28 09:00:00-04:00,69.02,69.04,68.8,68.86,0,0.0,0.0,KO
2025-08-28 09:30:00-04:00,68.87999725341797,68.87999725341797,68.27999877929688,68.44999694824219,2799326,0.0,0.0,KO
2025-08-28 10:30:00-04:00,68.44499969482422,68.58499908447266,68.34500122070312,68.4884033203125,1299721,0.0,0.0,KO
2025-08-28 11:30:00-04:00,68.48500061035156,68.52999877929688,68.31999969482422,68.42050170898438,848653,0.0,0.0,KO
2025-08-28 12:30:00-04:00,68.43000030517578,68.66999816894531,68.43000030517578,68.62419891357422,613488,0.0,0.0,KO
2025-08-28 13:30:00-04:00,68.625,68.7300033569336,68.48999786376953,68.5199966430664,861384,0.0,0.0,KO
2025-08-28 14:30:00-04:00,68.5250015258789,68.68990325927734,68.51000213623047,68.63500213623047,744894,0.0,0.0,KO
2025-08-28 15:30:00-04:00,68.63500213623047,68.63500213623047,68.28500366210938,68.36000061035156,2772231,0.0,0.0,KO
2025-08-28 16:00:00-04:00,68.36,68.65,68.29,68.4003,0,0.0,0.0,KO
2025-08-28 17:00:00-04:00,68.41,68.55,68.36,68.43,0,0.0,0.0,KO
2025-08-28 18:00:00-04:00,68.415,68.48,68.4,68.44,0,0.0,0.0,KO
2025-08-28 19:00:00-04:00,68.4482,68.51,68.4,68.4,0,0.0,0.0,KO
2025-08-29 04:00:00-04:00,68.6,68.6,68.49,68.58,0,0.0,0.0,KO
2025-08-29 05:00:00-04:00,68.59,68.62,68.55,68.59,0,0.0,0.0,KO
2025-08-29 06:00:00-04:00,68.58,68.6,68.55,68.6,0,0.0,0.0,KO
2025-08-29 07:00:00-04:00,68.6,68.61,68.52,68.55,0,0.0,0.0,KO
2025-08-29 08:00:00-04:00,68.55,68.62,68.45,68.56,0,0.0,0.0,KO
2025-08-29 09:00:00-04:00,68.54,68.56,68.36,68.54,0,0.0,0.0,KO
2025-08-29 09:30:00-04:00,68.51000213623047,68.92579650878906,68.42500305175781,68.65499877929688,2093447,0.0,0.0,KO
2025-08-29 10:30:00-04:00,68.66000366210938,68.87000274658203,68.56999969482422,68.63999938964844,1356016,0.0,0.0,KO
2025-08-29 11:30:00-04:00,68.6500015258789,68.8458023071289,68.61499786376953,68.80500030517578,1541716,0.0,0.0,KO
2025-08-29 12:30:00-04:00,68.80500030517578,68.89559936523438,68.73999786376953,68.84220123291016,979584,0.0,0.0,KO
2025-08-29 13:30:00-04:00,68.83999633789062,68.98999786376953,68.80000305175781,68.96499633789062,984179,0.0,0.0,KO
2025-08-29 14:30:00-04:00,68.97000122070312,69.13999938964844,68.94120025634766,69.125,1478761,0.0,0.0,KO
2025-08-29 15:30:00-04:00,69.125,69.12999725341797,68.9000015258789,69.0,2786886,0.0,0.0,KO
2025-08-29 16:00:00-04:00,69.02,69.09,66.124,69.04,0,0.0,0.0,KO
2025-08-29 17:00:00-04:00,69.0397,69.04,64.4173,69.03,0,0.0,0.0,KO
2025-08-29 18:00:00-04:00,69.02,69.04,68.98,68.9901,0,0.0,0.0,KO
2025-08-29 19:00:00-04:00,68.995,69.04,68.99,69.0,0,0.0,0.0,KO
2025-09-02 04:00:00-04:00,68.99,69.15,68.86,68.98,0,0.0,0.0,KO
2025-09-02 05:00:00-04:00,68.98,69.05,68.96,69.05,0,0.0,0.0,KO
2025-09-02 06:00:00-04:00,69.03,69.15,69.03,69.11,0,0.0,0.0,KO
2025-09-02 07:00:00-04:00,69.12,69.35,69.09,69.22,0,0.0,0.0,KO
2025-09-02 08:00:00-04:00,69.22,69.31,68.88,69.23,0,0.0,0.0,KO
2025-09-02 09:00:00-04:00,69.23,69.5,68.99,69.4676,0,0.0,0.0,KO
2025-09-02 09:30:00-04:00,68.95999908447266,69.33999633789062,68.26499938964844,68.32499694824219,4515207,0.0,0.0,KO
2025-09-02 10:30:00-04:00,68.32499694824219,68.8550033569336,68.25499725341797,68.74970245361328,3547593,0.0,0.0,KO
2025-09-02 11:30:00-04:00,68.74500274658203,68.91999816894531,68.63009643554688,68.83000183105469,2544566,0.0,0.0,KO
2025-09-02 12:30:00-04:00,68.82640075683594,68.89739990234375,68.66999816894531,68.81999969482422,896964,0.0,0.0,KO
2025-09-02 13:30:00-04:00,68.81999969482422,69.12000274658203,68.80000305175781,68.98500061035156,4246840,0.0,0.0,KO
2025-09-02 14:30:00-04:00,68.98500061035156,69.01499938964844,68.73999786376953,68.83999633789062,1571071,0.0,0.0,KO
2025-09-02 15:30:00-04:00,68.83499908447266,69.09500122070312,68.83499908447266,69.04499816894531,3749524,0.0,0.0,KO
2025-09-02 16:00:00-04:00,69.06,69.08,68.92,69.06,0,0.0,0.0,KO
2025-09-02 17:00:00-04:00,69.06,69.06,68.94,69.02,0,0.0,0.0,KO
2025-09-02 18:00:00-04:00,69.0,69.02,68.97,69.01,0,0.0,0.0,KO
2025-09-02 19:00:00-04:00,69.02,69.02,68.95,69.02,0,0.0,0.0,KO
2025-09-03 04:00:00-04:00,68.97,69.06,68.9,68.96,0,0.0,0.0,KO
2025-09-03 05:00:00-04:00,68.96,69.0,68.9,68.93,0,0.0,0.0,KO
2025-09-03 06:00:00-04:00,68.93,68.93,68.9,68.92,0,0.0,0.0,KO
2025-09-03 07:00:00-04:00,68.92,68.99,68.91,68.93,0,0.0,0.0,KO
2025-09-03 08:00:00-04:00,68.95,69.03,68.8,68.83,0,0.0,0.0,KO
2025-09-03 09:00:00-04:00,68.87,68.96,68.7,68.77,0,0.0,0.0,KO
2025-09-03 09:30:00-04:00,68.66000366210938,69.09500122070312,68.18499755859375,68.37000274658203,6078552,0.0,0.0,KO
2025-09-03 10:30:00-04:00,68.36499786376953,69.0,68.32009887695312,68.97489929199219,3510064,0.0,0.0,KO
2025-09-03 11:30:00-04:00,68.9800033569336,68.99500274658203,67.91000366210938,68.40589904785156,5566285,0.0,0.0,KO
2025-09-03 12:30:00-04:00,68.40499877929688,68.62999725341797,67.37000274658203,67.80999755859375,5594492,0.0,0.0,KO
2025-09-03 13:30:00-04:00,67.81999969482422,68.68000030517578,67.79010009765625,68.66000366210938,2505483,0.0,0.0,KO
2025-09-03 14:30:00-04:00,68.65499877929688,68.94000244140625,68.42500305175781,68.83000183105469,4284187,0.0,0.0,KO
2025-09-03 15:30:00-04:00,68.83000183105469,69.08999633789062,68.76272583007812,69.00499725341797,3980047,0.0,0.0,KO
2025-09-03 16:00:00-04:00,68.99,69.05,68.81,69.0,0,0.0,0.0,KO
2025-09-03 17:00:00-04:00,68.97,72.1999,68.81,68.95,0,0.0,0.0,KO
2025-09-03 18:00:00-04:00,68.95,68.99,68.92,68.93,0,0.0,0.0,KO
2025-09-03 19:00:00-04:00,68.94,69.0,68.8,68.9312,0,0.0,0.0,KO
2025-09-04 04:00:00-04:00,68.88,69.1,68.8,68.89,0,0.0,0.0,KO
2025-09-04 05:00:00-04:00,68.87,68.88,68.8,68.85,0,0.0,0.0,KO
2025-09-04 06:00:00-04:00,68.88,68.94,68.88,68.93,0,0.0,0.0,KO
2025-09-04 07:00:00-04:00,68.92,68.97,68.9,68.93,0,0.0,0.0,KO
2025-09-04 08:00:00-04:00,68.94,69.0,68.8,68.98,0,0.0,0.0,KO
2025-09-04 09:00:00-04:00,68.98,69.09,68.96,69.05,0,0.0,0.0,KO
2025-09-04 09:30:00-04:00,69.11000061035156,69.45999908447266,68.88500213623047,68.98500061035156,1914803,0.0,0.0,KO
2025-09-04 10:30:00-04:00,68.98999786376953,69.08999633789062,68.70999908447266,68.76499938964844,1195309,0.0,0.0,KO
2025-09-04 11:30:00-04:00,68.7699966430664,68.80999755859375,68.5199966430664,68.625,1793981,0.0,0.0,KO
2025-09-04 12:30:00-04:00,68.62999725341797,68.6449966430664,68.44999694824219,68.5,930783,0.0,0.0,KO
2025-09-04 13:30:00-04:00,68.5,68.5250015258789,68.2699966430664,68.33499908447266,1331109,0.0,0.0,KO
2025-09-04 14:30:00-04:00,68.33999633789062,68.3550033569336,68.11499786376953,68.1449966430664,2842714,0.0,0.0,KO
2025-09-04 15:30:00-04:00,68.14070129394531,68.29499816894531,68.11499786376953,68.26000213623047,3027957,0.0,0.0,KO
2025-09-04 16:00:00-04:00,68.26,69.925,68.25,68.335,0,0.0,0.0,KO
2025-09-04 17:00:00-04:00,68.335,68.34,68.25,68.34,0,0.0,0.0,KO
2025-09-04 18:00:00-04:00,68.34,68.36,68.301,68.3597,0,0.0,0.0,KO
2025-09-04 19:00:00-04:00,68.35,68.36,68.3,68.335,0,0.0,0.0,KO
2025-09-05 04:00:00-04:00,68.5,68.5,68.35,68.48,0,0.0,0.0,KO
2025-09-05 05:00:00-04:00,68.46,68.49,68.42,68.48,0,0.0,0.0,KO
2025-09-05 06:00:00-04:00,68.48,68.5,68.48,68.49,0,0.0,0.0,KO
2025-09-05 07:00:00-04:00,68.49,68.49,68.35,68.39,0,0.0,0.0,KO
2025-09-05 08:00:00-04:00,68.38,68.5,68.21,68.275,0,0.0,0.0,KO
2025-09-05 09:00:00-04:00,68.3,68.34,68.09,68.2652,0,0.0,0.0,KO
2025-09-05 09:30:00-04:00,68.01000213623047,68.58000183105469,67.88999938964844,68.3550033569336,6912489,0.0,0.0,KO
2025-09-05 10:30:00-04:00,68.36000061035156,68.4749984741211,68.15499877929688,68.38500213623047,2179010,0.0,0.0,KO
2025-09-05 11:30:00-04:00,68.37999725341797,68.41709899902344,68.08999633789062,68.09500122070312,1139600,0.0,0.0,KO
2025-09-05 12:30:00-04:00,68.09500122070312,68.19499969482422,68.04000091552734,68.06999969482422,1139761,0.0,0.0,KO
2025-09-05 13:30:00-04:00,68.06999969482422,68.13500213623047,67.875,67.9000015258789,1470497,0.0,0.0,KO
2025-09-05 14:30:00-04:00,67.90499877929688,68.18000030517578,67.90499877929688,67.9749984741211,1394940,0.0,0.0,KO
2025-09-05 15:30:00-04:00,67.97010040283203,68.0,67.87000274658203,67.97000122070312,2517308,0.0,0.0,KO
2025-09-05 16:00:00-04:00,67.97,68.2325,67.93,67.99,0,0.0,0.0,KO
2025-09-05 17:00:00-04:00,67.99,68.08,67.98,68.04,0,0.0,0.0,KO
2025-09-05 18:00:00-04:00,68.0386,68.05,68.0,68.04,0,0.0,0.0,KO
2025-09-05 19:00:00-04:00,68.0381,68.05,68.0,68.035,0,0.0,0.0,KO
2025-09-08 04:00:00-04:00,68.14,68.27,68.04,68.05,0,0.0,0.0,KO
2025-09-08 05:00:00-04:00,68.06,68.09,67.98,67.98,0,0.0,0.0,KO
2025-09-08 06:00:00-04:00,68.02,68.09,68.0,68.06,0,0.0,0.0,KO
2025-09-08 07:00:00-04:00,68.07,68.1,67.96,67.98,0,0.0,0.0,KO
2025-09-08 08:00:00-04:00,67.99,68.2888,67.9,68.0,0,0.0,0.0,KO
2025-09-08 09:00:00-04:00,67.98,68.02,67.95,67.97,0,0.0,0.0,KO
2025-09-08 09:30:00-04:00,67.8550033569336,67.87999725341797,67.3550033569336,67.6050033569336,3293800,0.0,0.0,KO
2025-09-08 10:30:00-04:00,67.6050033569336,67.70500183105469,67.30500030517578,67.31999969482422,2290503,0.0,0.0,KO
2025-09-08 11:30:00-04:00,67.3281021118164,67.44999694824219,67.16000366210938,67.37999725341797,1969728,0.0,0.0,KO
2025-09-08 12:30:00-04:00,67.37999725341797,67.56999969482422,67.36499786376953,67.40750122070312,1278268,0.0,0.0,KO
2025-09-08 13:30:00-04:00,67.40850067138672,67.43000030517578,67.20999908447266,67.34500122070312,1491066,0.0,0.0,KO
2025-09-08 14:30:00-04:00,67.34500122070312,67.37000274658203,67.22010040283203,67.24500274658203,1530049,0.0,0.0,KO
2025-09-08 15:30:00-04:00,67.24659729003906,67.48999786376953,67.21499633789062,67.44999694824219,3775722,0.0,0.0,KO
2025-09-08 16:00:00-04:00,67.45,67.5,67.194,67.48,0,0.0,0.0,KO
2025-09-08 17:00:00-04:00,67.4796,67.48,67.43,67.48,0,0.0,0.0,KO
2025-09-08 18:00:00-04:00,67.48,67.5,67.44,67.4994,0,0.0,0.0,KO
2025-09-08 19:00:00-04:00,67.5,67.52,67.47,67.4899,0,0.0,0.0,KO
2025-09-09 04:00:00-04:00,67.9,67.9,67.5,67.59,0,0.0,0.0,KO
2025-09-09 05:00:00-04:00,67.59,67.65,67.59,67.6,0,0.0,0.0,KO
2025-09-09 06:00:00-04:00,67.6,67.6,67.5,67.56,0,0.0,0.0,KO
2025-09-09 07:00:00-04:00,67.59,67.59,67.4,67.41,0,0.0,0.0,KO
2025-09-09 08:00:00-04:00,67.4,67.7588,67.38,67.41,0,0.0,0.0,KO
2025-09-09 09:00:00-04:00,67.42,67.5,67.32,67.34,0,0.0,0.0,KO
2025-09-09 09:30:00-04:00,67.4000015258789,68.04000091552734,67.4000015258789,67.9749984741211,2099075,0.0,0.0,KO
2025-09-09 10:30:00-04:00,67.9800033569336,68.05999755859375,67.67500305175781,67.79573822021484,1463127,0.0,0.0,KO
2025-09-09 11:30:00-04:00,67.77999877929688,67.91500091552734,67.7511978149414,67.875,807029,0.0,0.0,KO
2025-09-09 12:30:00-04:00,67.87000274658203,68.04000091552734,67.81500244140625,67.99500274658203,845204,0.0,0.0,KO
2025-09-09 13:30:00-04:00,67.98999786376953,68.08999633789062,67.95999908447266,68.04499816894531,1030315,0.0,0.0,KO
2025-09-09 14:30:00-04:00,68.04000091552734,68.1050033569336,67.91500091552734,68.04499816894531,1439781,0.0,0.0,KO
2025-09-09 15:30:00-04:00,68.04900360107422,68.05500030517578,67.9000015258789,67.9000015258789,2608409,0.0,0.0,KO
2025-09-09 16:00:00-04:00,67.89,67.96,65.7444,67.83,0,0.0,0.0,KO
2025-09-09 17:00:00-04:00,67.83,70.851265,67.7,67.78,0,0.0,0.0,KO
2025-09-09 18:00:00-04:00,67.72,67.85,67.7,67.81,0,0.0,0.0,KO
2025-09-09 19:00:00-04:00,67.79,67.83,67.75,67.79,0,0.0,0.0,KO
2025-09-10 04:00:00-04:00,68.1,68.1,67.76,67.8,0,0.0,0.0,KO
2025-09-10 05:00:00-04:00,67.77,67.88,67.76,67.83,0,0.0,0.0,KO
2025-09-10 06:00:00-04:00,67.83,67.87,67.81,67.82,0,0.0,0.0,KO
2025-09-10 07:00:00-04:00,67.81,67.85,67.7,67.77,0,0.0,0.0,KO
2025-09-10 08:00:00-04:00,67.74,68.0988,67.64,67.68,0,0.0,0.0,KO
2025-09-10 09:00:00-04:00,67.67,67.74,67.52,67.5988,0,0.0,0.0,KO
2025-09-10 09:30:00-04:00,67.79000091552734,67.83000183105469,67.5199966430664,67.61000061035156,2997357,0.0,0.0,KO
2025-09-10 10:30:00-04:00,67.6050033569336,67.6050033569336,67.20999908447266,67.40499877929688,2346513,0.0,0.0,KO
2025-09-10 11:30:00-04:00,67.40499877929688,67.56999969482422,67.31999969482422,67.41999816894531,1430969,0.0,0.0,KO
2025-09-10 12:30:00-04:00,67.41500091552734,67.62000274658203,67.30500030517578,67.57499694824219,903070,0.0,0.0,KO
2025-09-10 13:30:00-04:00,67.58000183105469,67.95500183105469,67.55999755859375,67.91500091552734,1059700,0.0,0.0,KO
2025-09-10 14:30:00-04:00,67.91999816894531,68.08540344238281,67.81999969482422,67.82499694824219,1694180,0.0,0.0,KO
2025-09-10 15:30:00-04:00,67.80999755859375,67.8499984741211,67.65390014648438,67.81999969482422,2763248,0.0,0.0,KO
2025-09-10 16:00:00-04:00,67.82,68.0,67.71,67.84,0,0.0,0.0,KO
2025-09-10 17:00:00-04:00,67.84,67.91,67.82,67.83,0,0.0,0.0,KO
2025-09-10 18:00:00-04:00,67.82,67.83,67.78,67.795,0,0.0,0.0,KO
2025-09-10 19:00:00-04:00,67.81,67.82,67.71,67.82,0,0.0,0.0,KO
2025-09-11 04:00:00-04:00,67.78,67.99,67.72,67.89,0,0.0,0.0,KO
2025-09-11 05:00:00-04:00,67.86,67.9,67.8,67.87,0,0.0,0.0,KO
2025-09-11 06:00:00-04:00,67.87,68.06,67.86,68.04,0,0.0,0.0,KO
2025-09-11 07:00:00-04:00,68.04,68.05,67.91,67.94,0,0.0,0.0,KO
2025-09-11 08:00:00-04:00,67.95,68.05,67.7075,67.95,0,0.0,0.0,KO
2025-09-11 09:00:00-04:00,67.9,68.0,67.85,67.94,0,0.0,0.0,KO
2025-09-11 09:30:00-04:00,67.91999816894531,68.13500213623047,67.75,68.0469970703125,2047471,0.0,0.0,KO
2025-09-11 10:30:00-04:00,68.04499816894531,68.12999725341797,67.95999908447266,68.0250015258789,1288597,0.0,0.0,KO
2025-09-11 11:30:00-04:00,68.02909851074219,68.16000366210938,68.00360107421875,68.15499877929688,1019413,0.0,0.0,KO
2025-09-11 12:30:00-04:00,68.16000366210938,68.16500091552734,67.91000366210938,67.9749984741211,982487,0.0,0.0,KO
2025-09-11 13:30:00-04:00,67.9749984741211,68.02999877929688,67.76000213623047,67.82499694824219,1272323,0.0,0.0,KO
2025-09-11 14:30:00-04:00,67.82499694824219,67.83000183105469,67.61000061035156,67.62999725341797,2253449,0.0,0.0,KO
2025-09-11 15:30:00-04:00,67.62999725341797,67.70999908447266,67.58000183105469,67.5999984741211,2636024,0.0,0.0,KO
2025-09-11 16:00:00-04:00,67.595,67.75,67.58,67.73,0,0.0,0.0,KO
2025-09-11 17:00:00-04:00,67.72,67.75,67.62,67.71,0,0.0,0.0,KO
2025-09-11 18:00:00-04:00,67.75,67.75,67.68,67.75,0,0.0,0.0,KO
2025-09-11 19:00:00-04:00,67.75,67.75,67.72,67.735,0,0.0,0.0,KO
2025-09-12 04:00:00-04:00,67.62,67.75,67.62,67.74,0,0.0,0.0,KO
2025-09-12 05:00:00-04:00,67.72,67.75,67.72,67.74,0,0.0,0.0,KO
2025-09-12 06:00:00-04:00,67.74,67.75,67.71,67.71,0,0.0,0.0,KO
2025-09-12 07:00:00-04:00,67.71,67.72,67.57,67.68,0,0.0,0.0,KO
2025-09-12 08:00:00-04:00,67.69,67.9988,67.54,67.66,0,0.0,0.0,KO
2025-09-12 09:00:00-04:00,67.5895,67.69,67.58,67.66,0,0.0,0.0,KO
2025-09-12 09:30:00-04:00,67.5999984741211,67.71499633789062,67.31999969482422,67.3550033569336,3085165,0.0,0.0,KO
2025-09-12 10:30:00-04:00,67.3550033569336,67.5250015258789,67.25,67.3949966430664,2458250,0.0,0.0,KO
2025-09-12 11:30:00-04:00,67.38999938964844,67.4000015258789,67.11000061035156,67.19550323486328,1670469,0.0,0.0,KO
2025-09-12 12:30:00-04:00,67.19550323486328,67.19999694824219,66.93499755859375,66.99500274658203,1911796,0.0,0.0,KO
2025-09-12 13:30:00-04:00,66.99579620361328,67.19000244140625,66.98999786376953,67.12999725341797,1351669,0.0,0.0,KO
2025-09-12 14:30:00-04:00,67.13310241699219,67.19999694824219,67.05000305175781,67.0634994506836,1243108,0.0,0.0,KO
2025-09-12 15:30:00-04:00,67.06500244140625,67.12000274658203,66.98999786376953,67.01000213623047,2472177,0.0,0.0,KO
2025-09-12 16:00:00-04:00,67.02,67.2373,66.124,67.1,0,0.0,0.0,KO
2025-09-12 17:00:00-04:00,67.08,67.2,66.124,67.11,0,0.0,0.0,KO
2025-09-12 18:00:00-04:00,67.12,67.2,67.11,67.13,0,0.0,0.0,KO
2025-09-12 19:00:00-04:00,67.14,67.16,67.12,67.1399,0,0.0,0.0,KO
2025-09-15 04:00:00-04:00,66.9,67.1,66.71,66.84,0,0.0,0.0,KO
2025-09-15 05:00:00-04:00,66.83,66.83,66.75,66.8,0,0.0,0.0,KO
2025-09-15 06:00:00-04:00,66.8,66.88,66.79,66.86,0,0.0,0.0,KO
2025-09-15 07:00:00-04:00,66.86,66.88,66.62,66.7,0,0.0,0.0,KO
2025-09-15 08:00:00-04:00,66.69,67.13,66.61,66.6636,0,0.0,0.0,KO
2025-09-15 09:00:00-04:00,66.68,66.73,66.63,66.66,0,0.0,0.0,KO
2025-09-15 09:30:00-04:00,66.68000030517578,66.77999877929688,66.5199966430664,66.61000061035156,3026984,0.51,0.0,KO
2025-09-15 10:30:00-04:00,66.61990356445312,66.68499755859375,66.2699966430664,66.29499816894531,1913530,0.0,0.0,KO
2025-09-15 11:30:00-04:00,66.29000091552734,66.37999725341797,66.15499877929688,66.2699966430664,1337220,0.0,0.0,KO
2025-09-15 12:30:00-04:00,66.2750015258789,66.38999938964844,66.22000122070312,66.29499816894531,1292267,0.0,0.0,KO
2025-09-15 13:30:00-04:00,66.29499816894531,66.31500244140625,66.16999816894531,66.29499816894531,1183146,0.0,0.0,KO
2025-09-15 14:30:00-04:00,66.30000305175781,66.38999938964844,66.18000030517578,66.18000030517578,1512288,0.0,0.0,KO
2025-09-15 15:30:00-04:00,66.19000244140625,66.23999786376953,66.0999984741211,66.20999908447266,2630829,0.0,0.0,KO
2025-09-15 16:00:00-04:00,66.2,66.34,66.19,66.22,0,0.0,0.0,KO
2025-09-15 17:00:00-04:00,66.24,66.33,66.21,66.29,0,0.0,0.0,KO
2025-09-15 18:00:00-04:00,66.29,66.33,66.21,66.32,0,0.0,0.0,KO
2025-09-16 04:00:00-04:00,66.38,66.41,66.36,66.38,0,0.0,0.0,KO
2025-09-16 05:00:00-04:00,66.37,66.48,66.36,66.42,0,0.0,0.0,KO
2025-09-16 06:00:00-04:00,66.45,66.45,66.38,66.41,0,0.0,0.0,KO
2025-09-16 07:00:00-04:00,66.4,66.42,66.27,66.29,0,0.0,0.0,KO
2025-09-16 08:00:00-04:00,66.28,66.47,66.23,66.32,0,0.0,0.0,KO
2025-09-16 09:00:00-04:00,66.32,66.3469,66.15,66.15,0,0.0,0.0,KO
2025-09-16 09:30:00-04:00,66.3499984741211,66.44000244140625,66.05500030517578,66.125,2815066,0.0,0.0,KO
2025-09-16 10:30:00-04:00,66.125,66.51000213623047,66.08000183105469,66.2249984741211,1552360,0.0,0.0,KO
2025-09-16 11:30:00-04:00,66.22000122070312,66.4749984741211,66.16000366210938,66.41999816894531,1203177,0.0,0.0,KO
2025-09-16 12:30:00-04:00,66.41999816894531,66.47989654541016,66.2738037109375,66.32499694824219,1226473,0.0,0.0,KO
2025-09-16 13:30:00-04:00,66.31999969482422,66.42500305175781,66.29440307617188,66.3550033569336,1075114,0.0,0.0,KO
2025-09-16 14:30:00-04:00,66.3499984741211,66.48999786376953,66.30999755859375,66.41500091552734,1730431,0.0,0.0,KO
2025-09-16 15:30:00-04:00,66.41500091552734,66.45999908447266,66.2300033569336,66.26499938964844,3406925,0.0,0.0,KO
2025-09-16 16:00:00-04:00,66.24,68.225,66.24,66.3,0,0.0,0.0,KO
2025-09-16 17:00:00-04:00,66.3,66.39,66.27,66.3,0,0.0,0.0,KO
2025-09-16 18:00:00-04:00,66.2996,66.41,66.27,66.3,0,0.0,0.0,KO
2025-09-16 19:00:00-04:00,66.295,66.33,66.29,66.32,0,0.0,0.0,KO
2025-09-17 04:00:00-04:00,66.5,66.5,66.26,66.45,0,0.0,0.0,KO
2025-09-17 05:00:00-04:00,66.44,66.45,66.37,66.4,0,0.0,0.0,KO
2025-09-17 06:00:00-04:00,66.41,66.42,66.36,66.39,0,0.0,0.0,KO
2025-09-17 07:00:00-04:00,66.39,66.43,66.36,66.36,0,0.0,0.0,KO
2025-09-17 08:00:00-04:00,66.39,66.54,66.3,66.3594,0,0.0,0.0,KO
2025-09-17 09:00:00-04:00,66.375,66.375,66.31,66.33,0,0.0,0.0,KO
2025-09-17 09:30:00-04:00,66.40499877929688,66.94499969482422,66.40499877929688,66.83499908447266,2968224,0.0,0.0,KO
2025-09-17 10:30:00-04:00,66.83000183105469,67.08999633789062,66.81500244140625,67.06999969482422,1216478,0.0,0.0,KO
2025-09-17 11:30:00-04:00,67.06500244140625,67.07990264892578,66.83000183105469,66.87000274658203,1003142,0.0,0.0,KO
2025-09-17 12:30:00-04:00,66.87000274658203,66.90499877929688,66.8302993774414,66.88500213623047,878183,0.0,0.0,KO
2025-09-17 13:30:00-04:00,66.87999725341797,67.12999725341797,66.77120208740234,66.85880279541016,1867659,0.0,0.0,KO
2025-09-17 14:30:00-04:00,66.86000061035156,66.99800109863281,66.7699966430664,66.90499877929688,2266037,0.0,0.0,KO
2025-09-17 15:30:00-04:00,66.91000366210938,67.08000183105469,66.88500213623047,67.03500366210938,2225395,0.0,0.0,KO
2025-09-17 16:00:00-04:00,67.04,67.06,66.97,67.04,0,0.0,0.0,KO
2025-09-17 17:00:00-04:00,67.05,67.06,67.0,67.0043,0,0.0,0.0,KO
2025-09-17 18:00:00-04:00,67.03,67.13,67.0,67.09,0,0.0,0.0,KO
2025-09-17 19:00:00-04:00,67.128,67.15,67.02,67.05,0,0.0,0.0,KO
2025-09-18 04:00:00-04:00,67.06,67.12,67.04,67.07,0,0.0,0.0,KO
2025-09-18 05:00:00-04:00,67.08,67.17,67.06,67.16,0,0.0,0.0,KO
2025-09-18 06:00:00-04:00,67.17,67.25,67.08,67.16,0,0.0,0.0,KO
2025-09-18 07:00:00-04:00,67.16,67.16,66.94,66.95,0,0.0,0.0,KO
2025-09-18 08:00:00-04:00,66.94,67.24,66.8,66.87,0,0.0,0.0,KO
2025-09-18 09:00:00-04:00,66.88,67.0,66.75,66.8,0,0.0,0.0,KO
2025-09-18 09:30:00-04:00,66.80000305175781,67.03500366210938,66.55999755859375,66.68499755859375,2683305,0.0,0.0,KO
2025-09-18 10:30:00-04:00,66.69000244140625,66.79989624023438,66.51499938964844,66.77999877929688,1542444,0.0,0.0,KO
2025-09-18 11:30:00-04:00,66.79000091552734,66.94999694824219,66.68499755859375,66.76499938964844,1169028,0.0,0.0,KO
2025-09-18 12:30:00-04:00,66.76499938964844,66.86000061035156,66.70999908447266,66.74500274658203,900236,0.0,0.0,KO
2025-09-18 13:30:00-04:00,66.7426986694336,66.78500366210938,66.5999984741211,66.6050033569336,1020281,0.0,0.0,KO
2025-09-18 14:30:00-04:00,66.6050033569336,66.62999725341797,66.45999908447266,66.53500366210938,1465316,0.0,0.0,KO
2025-09-18 15:30:00-04:00,66.53500366210938,66.55500030517578,66.3499984741211,66.42500305175781,2641042,0.0,0.0,KO
2025-09-18 16:00:00-04:00,66.43,66.58,66.42,66.52,0,0.0,0.0,KO
2025-09-18 17:00:00-04:00,66.52,66.52,66.46,66.52,0,0.0,0.0,KO
2025-09-18 18:00:00-04:00,66.52,66.53,66.46,66.52,0,0.0,0.0,KO
2025-09-18 19:00:00-04:00,66.52,66.53,66.5,66.515,0,0.0,0.0,KO
2025-09-19 04:00:00-04:00,66.66,66.73,66.55,66.65,0,0.0,0.0,KO
2025-09-19 05:00:00-04:00,66.63,66.67,66.57,66.65,0,0.0,0.0,KO
2025-09-19 06:00:00-04:00,66.64,66.7,66.64,66.69,0,0.0,0.0,KO
2025-09-19 07:00:00-04:00,66.7,66.7,66.6,66.61,0,0.0,0.0,KO
2025-09-19 08:00:00-04:00,66.61,66.74,66.52,66.63,0,0.0,0.0,KO
2025-09-19 09:00:00-04:00,66.62,66.64,66.56,66.61,0,0.0,0.0,KO
2025-09-19 09:30:00-04:00,66.48999786376953,66.62999725341797,66.34500122070312,66.4000015258789,4698588,0.0,0.0,KO
2025-09-19 10:30:00-04:00,66.3949966430664,66.4468002319336,66.04499816894531,66.23500061035156,2064255,0.0,0.0,KO
2025-09-19 11:30:00-04:00,66.23500061035156,66.31620025634766,66.09500122070312,66.25,1397170,0.0,0.0,KO
2025-09-19 12:30:00-04:00,66.26000213623047,66.34500122070312,66.18000030517578,66.33499908447266,712193,0.0,0.0,KO
2025-09-19 13:30:00-04:00,66.33499908447266,66.55000305175781,66.31999969482422,66.4749984741211,1246627,0.0,0.0,KO
2025-09-19 14:30:00-04:00,66.4749984741211,66.55999755859375,66.43000030517578,66.54000091552734,1021361,0.0,0.0,KO
2025-09-19 15:30:00-04:00,66.52999877929688,66.7300033569336,66.4000015258789,66.44000244140625,2532533,0.0,0.0,KO
2025-09-19 16:00:00-04:00,66.44,70.7,66.35,66.49,0,0.0,0.0,KO
2025-09-19 17:00:00-04:00,66.5,68.93,66.45,66.47,0,0.0,0.0,KO
2025-09-19 18:00:00-04:00,66.48,66.52,66.43,66.52,0,0.0,0.0,KO
2025-09-19 19:00:00-04:00,66.485,66.59,66.45,66.59,0,0.0,0.0,KO
2025-09-22 04:00:00-04:00,66.54,66.66,66.5,66.52,0,0.0,0.0,KO
2025-09-22 05:00:00-04:00,66.52,66.53,66.49,66.51,0,0.0,0.0,KO
2025-09-22 06:00:00-04:00,66.5,66.54,66.49,66.54,0,0.0,0.0,KO
2025-09-22 07:00:00-04:00,66.54,66.59,66.47,66.48,0,0.0,0.0,KO
2025-09-22 08:00:00-04:00,66.48,66.6988,66.4,66.42,0,0.0,0.0,KO
2025-09-22 09:00:00-04:00,66.4,66.51,66.4,66.43,0,0.0,0.0,KO
2025-09-22 09:30:00-04:00,66.16000366210938,66.58999633789062,66.08000183105469,66.56999969482422,2179685,0.0,0.0,KO
2025-09-22 10:30:00-04:00,66.56999969482422,66.58999633789062,66.37000274658203,66.38500213623047,1236903,0.0,0.0,KO
2025-09-22 11:30:00-04:00,66.38500213623047,66.47000122070312,66.27999877929688,66.44499969482422,1181756,0.0,0.0,KO
2025-09-22 12:30:00-04:00,66.44999694824219,66.48500061035156,66.2300033569336,66.46880340576172,1043269,0.0,0.0,KO
2025-09-22 13:30:00-04:00,66.46499633789062,66.5199966430664,66.30999755859375,66.36000061035156,1226040,0.0,0.0,KO
2025-09-22 14:30:00-04:00,66.36000061035156,66.42620086669922,66.33439636230469,66.37999725341797,1112337,0.0,0.0,KO
2025-09-22 15:30:00-04:00,66.375,66.43000030517578,66.22000122070312,66.22000122070312,2064466,0.0,0.0,KO
2025-09-22 16:00:00-04:00,66.22,66.4787,66.2,66.23,0,0.0,0.0,KO
2025-09-22 17:00:00-04:00,66.23,67.325,66.21,66.2791,0,0.0,0.0,KO
2025-09-22 18:00:00-04:00,66.28,66.44,66.26,66.27,0,0.0,0.0,KO
2025-09-22 19:00:00-04:00,66.275,66.39,66.25,66.25,0,0.0,0.0,KO
2025-09-23 04:00:00-04:00,66.42,66.5,66.23,66.37,0,0.0,0.0,KO
2025-09-23 05:00:00-04:00,66.35,66.4,66.34,66.37,0,0.0,0.0,KO
2025-09-23 06:00:00-04:00,66.37,66.39,66.36,66.37,0,0.0,0.0,KO
2025-09-23 07:00:00-04:00,66.36,66.38,66.31,66.33,0,0.0,0.0,KO
2025-09-23 08:00:00-04:00,66.34,66.54,66.2012,66.36,0,0.0,0.0,KO
2025-09-23 09:00:00-04:00,66.32,66.36,66.26,66.33,0,0.0,0.0,KO
2025-09-23 09:30:00-04:00,66.3499984741211,66.37999725341797,65.9000015258789,65.91500091552734,2544672,0.0,0.0,KO
2025-09-23 10:30:00-04:00,65.91419982910156,66.13500213623047,65.91419982910156,65.9749984741211,1486599,0.0,0.0,KO
2025-09-23 11:30:00-04:00,65.9800033569336,66.19000244140625,65.97000122070312,66.1050033569336,1293925,0.0,0.0,KO
2025-09-23 12:30:00-04:00,66.1050033569336,66.2300033569336,66.02999877929688,66.20500183105469,906690,0.0,0.0,KO
2025-09-23 13:30:00-04:00,66.19999694824219,66.66999816894531,66.16000366210938,66.63279724121094,2114416,0.0,0.0,KO
2025-09-23 14:30:00-04:00,66.63500213623047,66.76000213623047,66.61000061035156,66.66999816894531,1386905,0.0,0.0,KO
2025-09-23 15:30:00-04:00,66.66999816894531,66.75,66.60350036621094,66.7300033569336,1977421,0.0,0.0,KO
2025-09-23 16:00:00-04:00,66.71,66.75,66.3939,66.63,0,0.0,0.0,KO
2025-09-23 17:00:00-04:00,66.68,66.71,66.61,66.7,0,0.0,0.0,KO
2025-09-23 18:00:00-04:00,66.7,66.72,66.66,66.71,0,0.0,0.0,KO
2025-09-23 19:00:00-04:00,66.69,66.71,66.65,66.7,0,0.0,0.0,KO
2025-09-24 04:00:00-04:00,66.58,66.69,66.57,66.61,0,0.0,0.0,KO
2025-09-24 05:00:00-04:00,66.61,66.7,66.57,66.61,0,0.0,0.0,KO
2025-09-24 06:00:00-04:00,66.61,66.65,66.57,66.59,0,0.0,0.0,KO
2025-09-24 07:00:00-04:00,66.63,66.64,66.56,66.63,0,0.0,0.0,KO
2025-09-24 08:00:00-04:00,66.65,66.8388,66.53,66.62,0,0.0,0.0,KO
2025-09-24 09:00:00-04:00,66.62,66.64,66.59,66.62,0,0.0,0.0,KO
2025-09-24 09:30:00-04:00,66.40499877929688,66.7177963256836,65.95999908447266,66.5199966430664,3122766,0.0,0.0,KO
2025-09-24 10:30:00-04:00,66.51000213623047,66.5999984741211,66.32499694824219,66.44000244140625,1630317,0.0,0.0,KO
2025-09-24 11:30:00-04:00,66.43499755859375,66.77999877929688,66.43000030517578,66.52999877929688,1556833,0.0,0.0,KO
2025-09-24 12:30:00-04:00,66.52580261230469,66.5697021484375,66.44000244140625,66.46499633789062,850329,0.0,0.0,KO
2025-09-24 13:30:00-04:00,66.47000122070312,66.62999725341797,66.45500183105469,66.4738998413086,867328,0.0,0.0,KO
2025-09-24 14:30:00-04:00,66.4749984741211,66.5250015258789,66.33999633789062,66.36499786376953,975930,0.0,0.0,KO
2025-09-24 15:30:00-04:00,66.36499786376953,66.4800033569336,66.33000183105469,66.44000244140625,2730967,0.0,0.0,KO
2025-09-24 16:00:00-04:00,66.45,66.55,66.36,66.48,0,0.0,0.0,KO
2025-09-24 17:00:00-04:00,66.54,66.54,66.46,66.5,0,0.0,0.0,KO
2025-09-24 18:00:00-04:00,66.48,66.54,66.45,66.5333,0,0.0,0.0,KO
2025-09-24 19:00:00-04:00,66.5,66.54,66.45,66.51,0,0.0,0.0,KO
2025-09-25 04:00:00-04:00,66.57,66.79,66.48,66.52,0,0.0,0.0,KO
2025-09-25 05:00:00-04:00,66.5,66.57,66.48,66.52,0,0.0,0.0,KO
2025-09-25 06:00:00-04:00,66.52,66.59,66.51,66.53,0,0.0,0.0,KO
2025-09-25 07:00:00-04:00,66.56,66.6,66.51,66.59,0,0.0,0.0,KO
2025-09-25 08:00:00-04:00,66.61,66.8,66.48,66.78,0,0.0,0.0,KO
2025-09-25 09:00:00-04:00,66.76,66.95,66.69,66.92,0,0.0,0.0,KO
2025-09-25 09:30:00-04:00,66.75,66.91999816894531,66.2249984741211,66.26499938964844,3206735,0.0,0.0,KO
2025-09-25 10:30:00-04:00,66.26499938964844,66.2699966430664,66.06500244140625,66.24500274658203,1405983,0.0,0.0,KO
2025-09-25 11:30:00-04:00,66.23999786376953,66.26000213623047,66.02999877929688,66.06500244140625,1193737,0.0,0.0,KO
2025-09-25 12:30:00-04:00,66.06900024414062,66.21189880371094,66.05000305175781,66.1449966430664,900914,0.0,0.0,KO
2025-09-25 13:30:00-04:00,66.13999938964844,66.1500015258789,65.94999694824219,65.98989868164062,1269242,0.0,0.0,KO
2025-09-25 14:30:00-04:00,65.98419952392578,66.1449966430664,65.94999694824219,66.03500366210938,1149893,0.0,0.0,KO
2025-09-25 15:30:00-04:00,66.03500366210938,66.125,65.9623031616211,65.98999786376953,1548280,0.0,0.0,KO
2025-09-25 16:00:00-04:00,65.98,66.13,65.95,66.06,0,0.0,0.0,KO
2025-09-25 17:00:00-04:00,66.06,66.07,62.5027,66.05,0,0.0,0.0,KO
2025-09-25 18:00:00-04:00,66.05,66.07,65.98,66.0306,0,0.0,0.0,KO
2025-09-25 19:00:00-04:00,66.035,66.07,66.0,66.0,0,0.0,0.0,KO
2025-09-26 04:00:00-04:00,66.05,66.25,66.0,66.06,0,0.0,0.0,KO
2025-09-26 05:00:00-04:00,66.06,66.06,66.01,66.06,0,0.0,0.0,KO
2025-09-26 06:00:00-04:00,66.05,66.11,66.05,66.1,0,0.0,0.0,KO
2025-09-26 07:00:00-04:00,66.1,66.11,66.04,66.08,0,0.0,0.0,KO
2025-09-26 08:00:00-04:00,66.0312,66.4102,65.9487,66.02,0,0.0,0.0,KO
2025-09-26 09:00:00-04:00,66.05,66.1,65.98,66.075,0,0.0,0.0,KO
2025-09-26 09:30:00-04:00,66.06999969482422,66.33499908447266,65.99500274658203,66.05500030517578,2332820,0.0,0.0,KO
2025-09-26 10:30:00-04:00,66.05500030517578,66.22000122070312,66.02999877929688,66.1449966430664,464376,0.0,0.0,KO
