Date,Open,High,Low,Close,Volume,Dividends,Stock Splits,Symbol
2024-09-26 00:00:00-04:00,488.1905097144448,490.80546577206536,486.20195366672806,488.4589538574219,3073700,0.0,0.0,MA
2024-09-27 00:00:00-04:00,488.2203178502594,493.16188065033276,487.58399571807996,490.8153991699219,2177200,0.0,0.0,MA
2024-09-30 00:00:00-04:00,488.96602618115463,492.1576500165303,487.30556859553633,490.9744567871094,2862400,0.0,0.0,MA
2024-10-01 00:00:00-04:00,494.4146728371981,495.1802559502706,490.2883949892927,493.5397033691406,3748100,0.0,0.0,MA
2024-10-02 00:00:00-04:00,490.1193885473054,493.072395353542,486.8780326316302,492.7343444824219,1736500,0.0,0.0,MA
2024-10-03 00:00:00-04:00,492.71442420567314,494.24562073917,490.1790275795128,492.13775634765625,1382200,0.0,0.0,MA
2024-10-04 00:00:00-04:00,492.72437298009316,496.19439327715264,489.65205779000775,494.8521423339844,1935600,0.0,0.0,MA
2024-10-07 00:00:00-04:00,494.48423376868897,495.67737943198733,487.941898284717,488.4887390136719,1990500,0.0,0.0,MA
2024-10-08 00:00:00-04:00,489.68191505938665,494.683132186275,488.7174641855515,494.2158203125,1750100,0.0,0.0,MA
2024-10-09 00:00:00-04:00,496.18711438924583,498.5466814400756,493.4093819853312,497.7502136230469,1707500,0.66,0.0,MA
2024-10-10 00:00:00-04:00,497.79997314806025,498.5168063247254,493.6582737254725,495.82867431640625,1491000,0.0,0.0,MA
2024-10-11 00:00:00-04:00,494.3253490215379,500.70714845192055,494.28551651555944,500.050048828125,1919900,0.0,0.0,MA
2024-10-14 00:00:00-04:00,502.14076599405325,506.55129677423463,499.84093258695196,504.4306640625,2127000,0.0,0.0,MA
2024-10-15 00:00:00-04:00,503.39523724119687,507.63650271195735,501.78237019831585,504.9981689453125,2885900,0.0,0.0,MA
2024-10-16 00:00:00-04:00,504.1220120420929,513.1322093063109,503.77354600278323,511.80804443359375,2956700,0.0,0.0,MA
2024-10-17 00:00:00-04:00,514.0182563430429,514.7649562765382,509.26925570400044,511.4994201660156,2227400,0.0,0.0,MA
2024-10-18 00:00:00-04:00,512.2759258527623,515.720723215853,510.324589033916,514.0680541992188,2604600,0.0,0.0,MA
2024-10-21 00:00:00-04:00,514.7151647728726,516.5371295414924,511.67859733623527,512.743896484375,2217500,0.0,0.0,MA
2024-10-22 00:00:00-04:00,508.9008675158987,512.2859009975191,508.25373367700456,510.7626647949219,1855800,0.0,0.0,MA
2024-10-23 00:00:00-04:00,510.404244217313,512.4551776860103,509.6476089150854,511.46954345703125,1759700,0.0,0.0,MA
2024-10-24 00:00:00-04:00,509.64759667199024,511.0812933811628,507.21833041888704,508.37322998046875,1911900,0.0,0.0,MA
2024-10-25 00:00:00-04:00,510.244961676186,512.4651300641196,503.39522932933204,505.1275634765625,1582200,0.0,0.0,MA
2024-10-28 00:00:00-04:00,505.1674128997723,508.6121802490871,503.9129776126227,505.9738464355469,2186400,0.0,0.0,MA
2024-10-29 00:00:00-04:00,505.3067727030936,509.1398383261015,503.4748725658993,504.05230712890625,2066300,0.0,0.0,MA
2024-10-30 00:00:00-04:00,510.2649135905636,514.1776141616615,504.76918233755293,511.42974853515625,3121000,0.0,0.0,MA
2024-10-31 00:00:00-04:00,518.9564517932032,525.5772154848293,496.83422063284496,497.3917541503906,5523300,0.0,0.0,MA
2024-11-01 00:00:00-04:00,498.2380533851943,508.3035545376628,496.33645378898814,505.84442138671875,3753700,0.0,0.0,MA
2024-11-04 00:00:00-05:00,506.89977147794866,507.7559728481796,500.81664000392254,503.35540771484375,2165100,0.0,0.0,MA
2024-11-05 00:00:00-05:00,503.3554113149961,505.91411048846464,501.39407819051667,503.33551025390625,2132900,0.0,0.0,MA
2024-11-06 00:00:00-05:00,518.5681436822736,520.698742029052,513.6698092422682,518.8369750976562,3673700,0.0,0.0,MA
2024-11-07 00:00:00-05:00,521.6844196042955,521.7242824937994,514.3170162714742,515.601318359375,2382300,0.0,0.0,MA
2024-11-08 00:00:00-05:00,518.0505149534108,526.5131146955736,517.2440814086452,522.4510498046875,2215600,0.0,0.0,MA
2024-11-11 00:00:00-05:00,526.5229832314546,531.6802441922028,526.1944790161394,527.7874145507812,2213400,0.0,0.0,MA
2024-11-12 00:00:00-05:00,526.7719144803458,528.5640430214584,524.9798467058324,526.8416137695312,2577600,0.0,0.0,MA
2024-11-13 00:00:00-05:00,527.6779112245823,528.165745451543,514.1476818846669,519.5836791992188,2681500,0.0,0.0,MA
2024-11-14 00:00:00-05:00,518.3292323095028,520.0615664704422,515.3723296761608,518.1102294921875,2480400,0.0,0.0,MA
2024-11-15 00:00:00-05:00,516.2484876107573,521.0870889371967,515.7207904525576,519.5936889648438,2408100,0.0,0.0,MA
2024-11-18 00:00:00-05:00,516.3081760287099,521.186579051828,514.725145459145,519.3347778320312,2493400,0.0,0.0,MA
2024-11-19 00:00:00-05:00,516.4973767601481,520.3503437465816,514.4862453942993,517.1743774414062,2716000,0.0,0.0,MA
2024-11-20 00:00:00-05:00,519.2352538181729,520.2009565695797,508.75155752546453,510.2847595214844,2409400,0.0,0.0,MA
2024-11-21 00:00:00-05:00,510.97172909883875,517.8314271531359,509.32899530234636,512.83349609375,3077300,0.0,0.0,MA
2024-11-22 00:00:00-05:00,514.6554757512587,519.4144726884534,513.9087757874678,518.5681762695312,3130400,0.0,0.0,MA
2024-11-25 00:00:00-05:00,519.3448216556257,525.9257233639946,518.7275544895319,524.282958984375,4503900,0.0,0.0,MA
2024-11-26 00:00:00-05:00,525.5772588438921,528.3151588154349,522.7497281359762,526.1546630859375,2326800,0.0,0.0,MA
2024-11-27 00:00:00-05:00,526.7221715829281,531.2720709071946,524.2630687334535,530.0375366210938,2086300,0.0,0.0,MA
2024-11-29 00:00:00-05:00,530.6646699825424,533.4125352094412,527.6978019631238,530.594970703125,1760600,0.0,0.0,MA
2024-12-02 00:00:00-05:00,530.5850106477692,532.4667089123586,523.9144796266891,529.0219116210938,2355100,0.0,0.0,MA
2024-12-03 00:00:00-05:00,532.3174415098521,532.4668058183235,523.6458042941907,523.8648071289062,2319400,0.0,0.0,MA
2024-12-04 00:00:00-05:00,521.3359847974606,523.964383311938,515.8900213428442,518.8469848632812,2630000,0.0,0.0,MA
2024-12-05 00:00:00-05:00,522.2917027938672,525.1490697525517,519.8724022382527,522.4609985351562,2538600,0.0,0.0,MA
2024-12-06 00:00:00-05:00,520.6290645018266,528.6635632350745,520.2009638235903,526.2442626953125,2122700,0.0,0.0,MA
2024-12-09 00:00:00-05:00,526.6923243553839,529.2510236129328,519.58372586709,520.5195922851562,2942000,0.0,0.0,MA
2024-12-10 00:00:00-05:00,520.2109126716705,527.3294154857664,517.9309500135556,526.6823120117188,2003200,0.0,0.0,MA
2024-12-11 00:00:00-05:00,526.8615233771593,533.5320549853842,524.9499885480125,532.098388671875,2181100,0.0,0.0,MA
2024-12-12 00:00:00-05:00,533.9302542926164,534.3882521275639,529.6292553859232,530.0673217773438,1860400,0.0,0.0,MA
2024-12-13 00:00:00-05:00,531.8195979077447,532.3273635950003,526.5827325501942,526.67236328125,1608200,0.0,0.0,MA
2024-12-16 00:00:00-05:00,529.6592511635075,532.6460514520235,526.6724508749915,527.9766845703125,2923000,0.0,0.0,MA
2024-12-17 00:00:00-05:00,527.0706216628893,529.4401543325054,522.5605248598192,528.6735229492188,4055800,0.0,0.0,MA
2024-12-18 00:00:00-05:00,527.9865812391279,534.7666145766416,517.4232801842916,517.6721801757812,3190300,0.0,0.0,MA
2024-12-19 00:00:00-05:00,521.8536721973094,526.8914057949747,519.9023350769611,520.9776000976562,3050500,0.0,0.0,MA
2024-12-20 00:00:00-05:00,520.5693353237369,529.7388326393136,517.1345033803386,525.7066650390625,7317100,0.0,0.0,MA
2024-12-23 00:00:00-05:00,523.516396346699,527.0706958514132,518.8370639133243,526.6326293945312,2270300,0.0,0.0,MA
2024-12-24 00:00:00-05:00,526.9412387538454,533.3827416752185,525.5075723032967,533.3529052734375,955000,0.0,0.0,MA
2024-12-26 00:00:00-05:00,531.2819624419243,535.3340611968262,530.5750646596443,533.7908935546875,1109600,0.0,0.0,MA
2024-12-27 00:00:00-05:00,531.2621066789454,535.1947388712242,528.4644730818949,529.8583374023438,1541800,0.0,0.0,MA
2024-12-30 00:00:00-05:00,524.6811809289724,526.2442801641492,519.0361461488056,523.237548828125,2101600,0.0,0.0,MA
2024-12-31 00:00:00-05:00,525.3481261892204,526.8614573211319,523.247425208246,524.2529907226562,1942600,0.0,0.0,MA
2025-01-02 00:00:00-05:00,526.8615422433664,528.2255093194209,515.3822456023922,520.1014404296875,2818800,0.0,0.0,MA
2025-01-03 00:00:00-05:00,520.2308747055617,522.1523753306035,515.4021784540931,519.0659790039062,1627500,0.0,0.0,MA
2025-01-06 00:00:00-05:00,518.6776921734486,519.0659907494536,508.7615552678455,509.677490234375,2920800,0.0,0.0,MA
2025-01-07 00:00:00-05:00,511.4197774725517,514.0581416593229,508.83121151349843,509.1498107910156,2211800,0.0,0.0,MA
2025-01-08 00:00:00-05:00,509.7870064330351,515.1732365078594,509.279271089388,514.1278686523438,2456700,0.0,0.0,MA
2025-01-10 00:00:00-05:00,510.61813608271905,512.2533411731625,501.8838161943376,503.19000244140625,2815500,0.76,0.0,MA
2025-01-13 00:00:00-05:00,499.5307234118375,504.66561398404787,498.4539041030173,503.42926025390625,2885500,0.0,0.0,MA
2025-01-14 00:00:00-05:00,505.58292816453366,507.89613162638165,502.7312998354446,507.5271911621094,2704800,0.0,0.0,MA
2025-01-15 00:00:00-05:00,514.058030125811,522.2339947131057,512.2233993923246,520.818115234375,3024800,0.0,0.0,MA
2025-01-16 00:00:00-05:00,522.084346730119,525.5740820927773,519.1928273728829,521.6057739257812,3275600,0.0,0.0,MA
2025-01-17 00:00:00-05:00,523.0416116683526,526.5811886178103,519.4820738977642,523.1612548828125,2374800,0.0,0.0,MA
2025-01-21 00:00:00-05:00,526.1125012792238,528.4257047027409,525.3647008091447,526.5113525390625,2706900,0.0,0.0,MA
2025-01-22 00:00:00-05:00,526.4515747193254,528.7448175137263,524.1283906926756,525.6339721679688,2037600,0.0,0.0,MA
2025-01-23 00:00:00-05:00,527.4984384197887,532.782882893737,527.1295283904103,532.6532592773438,2196500,0.0,0.0,MA
2025-01-24 00:00:00-05:00,531.4268813975922,534.4878852589591,530.58937895937,531.9254150390625,2472900,0.0,0.0,MA
2025-01-27 00:00:00-05:00,532.0152316023009,546.3829458238398,530.1008184092744,546.0339965820312,3074600,0.0,0.0,MA
2025-01-28 00:00:00-05:00,544.937158226453,549.9324753013731,541.0685321062265,545.7547607421875,2727800,0.0,0.0,MA
2025-01-29 00:00:00-05:00,545.3957818566988,548.9951799980273,544.8972482352576,547.1904907226562,2549000,0.0,0.0,MA
2025-01-30 00:00:00-05:00,553.3723764512847,575.2480364338936,552.9037840101121,564.35009765625,6005200,0.0,0.0,MA
2025-01-31 00:00:00-05:00,562.1665576850681,563.8814844293029,553.0134861106667,553.8011474609375,4505100,0.0,0.0,MA
2025-02-03 00:00:00-05:00,551.0193133164729,563.3430511213661,549.4539102787592,562.296142578125,3195500,0.0,0.0,MA
2025-02-04 00:00:00-05:00,569.2057773134948,570.3224878057407,555.9447945759565,557.4702758789062,2638900,0.0,0.0,MA
2025-02-05 00:00:00-05:00,559.7036965991742,565.2075274913291,558.1582544772562,564.6292114257812,2404700,0.0,0.0,MA
2025-02-06 00:00:00-05:00,564.4697563532899,568.0791353725522,562.8843924546082,565.4967041015625,1738400,0.0,0.0,MA
2025-02-07 00:00:00-05:00,566.3940341744832,568.378188316052,560.1324833285697,561.099609375,2008300,0.0,0.0,MA
2025-02-10 00:00:00-05:00,563.5923175777453,565.6064130915348,559.3547813553563,563.8316040039062,2357700,0.0,0.0,MA
2025-02-11 00:00:00-05:00,563.3330118695898,564.7687911337151,557.5799144036735,563.0438842773438,1847800,0.0,0.0,MA
2025-02-12 00:00:00-05:00,560.3618434532575,563.0937983154469,557.7993730045761,562.9442138671875,1722200,0.0,0.0,MA
2025-02-13 00:00:00-05:00,563.9412912022127,565.7260807775002,559.8233980147671,564.6492309570312,1709500,0.0,0.0,MA
2025-02-14 00:00:00-05:00,564.3500939386114,567.5706019676368,562.475602473947,563.103759765625,1927400,0.0,0.0,MA
2025-02-18 00:00:00-05:00,563.2433629755799,566.9624046683663,559.8732705082555,566.9424438476562,2064100,0.0,0.0,MA
2025-02-19 00:00:00-05:00,565.8257159554549,569.0263239171228,564.9882134975524,566.832763671875,2459100,0.0,0.0,MA
2025-02-20 00:00:00-05:00,566.4838258037623,566.832775025518,557.4004962101036,561.6281127929688,2181900,0.0,0.0,MA
2025-02-21 00:00:00-05:00,559.7834867751507,563.143598706691,554.9477347140058,555.875,2256100,0.0,0.0,MA
2025-02-24 00:00:00-05:00,556.7922600648751,559.8134030593369,555.1570551607338,557.360595703125,1752500,0.0,0.0,MA
2025-02-25 00:00:00-05:00,560.7905516954356,564.379969742098,551.0691452248849,562.3759155273438,3609500,0.0,0.0,MA
2025-02-26 00:00:00-05:00,560.9400984927702,565.0180695206276,557.9588162560337,559.6239624023438,2028000,0.0,0.0,MA
2025-02-27 00:00:00-05:00,563.9113747130438,573.0146042654061,562.3459717089163,563.16357421875,2436500,0.0,0.0,MA
2025-02-28 00:00:00-05:00,565.6362866270538,574.7395162585087,562.3459765948057,574.619873046875,3205400,0.0,0.0,MA
2025-03-03 00:00:00-05:00,575.6369141633379,580.5225076981498,568.3283933979858,573.2339477539062,3092600,0.0,0.0,MA
2025-03-04 00:00:00-05:00,568.7870186128437,571.5189732045945,550.3911152499418,553.442138671875,3318100,0.0,0.0,MA
2025-03-05 00:00:00-05:00,550.9594629743051,559.3447721495116,549.703148445475,556.6626586914062,2795400,0.0,0.0,MA
2025-03-06 00:00:00-05:00,546.8914443547366,554.0503806626936,543.0926201654797,548.2075805664062,3133200,0.0,0.0,MA
2025-03-07 00:00:00-05:00,545.4656119232689,548.7659022327189,534.7072777274121,545.16650390625,3161300,0.0,0.0,MA
2025-03-10 00:00:00-04:00,536.57180836628,546.9512525023036,530.4597807605095,535.5447998046875,3893400,0.0,0.0,MA
2025-03-11 00:00:00-04:00,535.6245252742301,536.4720080727543,520.7183580938969,524.2579345703125,4582600,0.0,0.0,MA
2025-03-12 00:00:00-04:00,528.9541593142969,531.1477194470558,517.7371526928482,523.1013793945312,2810800,0.0,0.0,MA
2025-03-13 00:00:00-04:00,522.9618295165081,526.9800401820922,516.1917640607281,518.3055419921875,2375800,0.0,0.0,MA
2025-03-14 00:00:00-04:00,521.0673927822193,526.8603518739858,519.4222681052254,526.0926513671875,2369500,0.0,0.0,MA
2025-03-17 00:00:00-04:00,521.7154513290541,531.9154300721813,519.9506227793984,530.4298095703125,2544800,0.0,0.0,MA
2025-03-18 00:00:00-04:00,530.7788509448319,531.0281177781377,523.9688640191914,528.6351318359375,2363300,0.0,0.0,MA
2025-03-19 00:00:00-04:00,530.0111192289078,536.0433647606178,528.0269648619508,534.5178833007812,2804300,0.0,0.0,MA
2025-03-20 00:00:00-04:00,532.0350695862247,538.904877664657,530.9881611265993,534.8069458007812,2598600,0.0,0.0,MA
2025-03-21 00:00:00-04:00,533.8697517137346,536.4720829278048,529.2034837538339,534.1190185546875,5973400,0.0,0.0,MA
2025-03-24 00:00:00-04:00,537.7682234880981,543.8603509369702,536.6614933914497,542.0755615234375,2758700,0.0,0.0,MA
2025-03-25 00:00:00-04:00,544.3489404284982,545.5753138142321,540.4105121630882,543.5612182617188,2138200,0.0,0.0,MA
2025-03-26 00:00:00-04:00,545.5353843263175,549.4139904955883,543.5212890274473,547.459716796875,2681600,0.0,0.0,MA
2025-03-27 00:00:00-04:00,547.4597425145732,560.1823308322549,546.1934475862545,555.934814453125,2901200,0.0,0.0,MA
2025-03-28 00:00:00-04:00,552.6046504048646,556.9519105571284,538.5061634976793,539.0245971679688,2656400,0.0,0.0,MA
2025-03-31 00:00:00-04:00,530.5992965227705,549.8128024669395,529.4626860751611,546.5125122070312,4741800,0.0,0.0,MA
2025-04-01 00:00:00-04:00,545.1964211261815,549.5337006626362,542.4046446850643,546.9014282226562,2714900,0.0,0.0,MA
2025-04-02 00:00:00-04:00,541.2679554387017,547.9184383373953,540.0615429189482,545.7747192382812,2994600,0.0,0.0,MA
2025-04-03 00:00:00-04:00,526.8702604387231,538.4063358509687,525.4544419801322,528.9940185546875,3443500,0.0,0.0,MA
2025-04-04 00:00:00-04:00,518.096114166826,519.3524287226878,486.8580085270903,488.3336486816406,6125100,0.0,0.0,MA
2025-04-07 00:00:00-04:00,477.09669842941196,500.7272053817868,464.22455605970663,484.0960998535156,6009400,0.0,0.0,MA
2025-04-08 00:00:00-04:00,499.5307076126514,504.0873123880246,470.27675724933977,478.5125427246094,3555400,0.0,0.0,MA
2025-04-09 00:00:00-04:00,469.47475161403435,517.8093757401579,469.36491487962127,514.7335205078125,4698400,0.76,0.0,MA
2025-04-10 00:00:00-04:00,506.1451528887207,507.9427389967485,483.4758436387219,498.665283203125,4105300,0.0,0.0,MA
2025-04-11 00:00:00-04:00,497.58675347206463,515.2128679594422,495.2399227315484,509.06121826171875,3736200,0.0,0.0,MA
2025-04-14 00:00:00-04:00,515.1729436614772,522.7127297950522,507.81290699481724,511.767578125,3005500,0.0,0.0,MA
2025-04-15 00:00:00-04:00,512.7063055825807,520.5855980950813,512.6863131022172,516.680908203125,2210700,0.0,0.0,MA
2025-04-16 00:00:00-04:00,515.3526608302791,521.014982017628,509.18101904224903,512.7362060546875,2501000,0.0,0.0,MA
2025-04-17 00:00:00-04:00,510.2595974634299,523.2719591452844,508.442049401096,516.6309814453125,3329800,0.0,0.0,MA
2025-04-21 00:00:00-04:00,516.3014207582562,516.9505668482137,502.8596166738252,508.6318054199219,3345600,0.0,0.0,MA
2025-04-22 00:00:00-04:00,514.9232931980983,528.0854771653777,512.0571759970601,526.6174926757812,2384000,0.0,0.0,MA
2025-04-23 00:00:00-04:00,537.0133584217238,543.2049927394586,526.907038148382,529.2938232421875,3051800,0.0,0.0,MA
2025-04-24 00:00:00-04:00,527.9756393137085,535.3156836516106,524.5602774663246,534.7365112304688,2209100,0.0,0.0,MA
2025-04-25 00:00:00-04:00,534.7364601316525,536.1944482383522,529.1639832638099,532.7590942382812,2006100,0.0,0.0,MA
2025-04-28 00:00:00-04:00,535.3057193169011,537.0333621514698,529.7831624659533,533.7677612304688,1735400,0.0,0.0,MA
2025-04-29 00:00:00-04:00,533.6179944914015,539.749651430281,532.6891975249448,538.9507446289062,2041500,0.0,0.0,MA
2025-04-30 00:00:00-04:00,537.8023666545471,548.3281030466165,528.8344589971739,547.3194580078125,3783500,0.0,0.0,MA
2025-05-01 00:00:00-04:00,549.2567987489039,552.0829917073988,539.0006568383163,545.891357421875,2839900,0.0,0.0,MA
2025-05-02 00:00:00-04:00,554.8792261108927,561.6201053710731,554.2400762635054,558.6341552734375,2632600,0.0,0.0,MA
2025-05-05 00:00:00-04:00,557.0562912772684,563.7871745164337,555.098917663155,560.36181640625,2130900,0.0,0.0,MA
2025-05-06 00:00:00-04:00,555.7280619478515,564.975559542166,555.3485705295291,558.2346801757812,2341700,0.0,0.0,MA
2025-05-07 00:00:00-04:00,558.5143006306262,566.4635055956645,557.7353253557121,565.5647583007812,2493700,0.0,0.0,MA
2025-05-08 00:00:00-04:00,568.6805674854057,573.0945780846532,566.2338657514981,566.3536987304688,2004300,0.0,0.0,MA
2025-05-09 00:00:00-04:00,566.6832486090233,568.8103753348659,563.837063083686,567.8716430664062,1528000,0.0,0.0,MA
2025-05-12 00:00:00-04:00,579.2162903393321,580.0052009297591,565.6646191286226,577.4886474609375,3000300,0.0,0.0,MA
2025-05-13 00:00:00-04:00,577.2189810128264,582.0723993387194,575.0219415589193,575.8109130859375,2370200,0.0,0.0,MA
2025-05-14 00:00:00-04:00,577.48861848576,577.8581136382915,571.5067223674096,572.50537109375,2237500,0.0,0.0,MA
2025-05-15 00:00:00-04:00,573.3542271345469,582.2521609171839,572.8748952265133,581.413330078125,2034200,0.0,0.0,MA
2025-05-16 00:00:00-04:00,579.6456967654314,583.5004663790695,579.6456967654314,582.4918823242188,2225900,0.0,0.0,MA
2025-05-19 00:00:00-04:00,580.2349440495573,587.6548973034893,579.6956346889829,585.6176147460938,1875500,0.0,0.0,MA
2025-05-20 00:00:00-04:00,580.4545972818172,583.2008813802003,576.0705145833908,580.3247680664062,1964300,0.0,0.0,MA
2025-05-21 00:00:00-04:00,575.681078961232,578.2176248370679,566.3336803600345,568.7703857421875,2505300,0.0,0.0,MA
2025-05-22 00:00:00-04:00,567.8915872670141,572.3855067679248,566.1639443859674,569.36962890625,1869900,0.0,0.0,MA
2025-05-23 00:00:00-04:00,563.727224991625,566.7830877385818,561.7499199649715,562.8184814453125,1948800,0.0,0.0,MA
2025-05-27 00:00:00-04:00,566.0540853604999,573.7836168452844,565.7245142099919,573.7736206054688,2655200,0.0,0.0,MA
2025-05-28 00:00:00-04:00,573.8036294447477,578.0578829730313,572.1658308272771,575.1417846679688,1702900,0.0,0.0,MA
2025-05-29 00:00:00-04:00,575.1018715263739,577.7982354567794,572.1658416381875,576.9993286132812,1347800,0.0,0.0,MA
2025-05-30 00:00:00-04:00,576.0006869986756,584.8087158203125,575.7310323164692,584.8087158203125,4581100,0.0,0.0,MA
2025-06-02 00:00:00-04:00,579.7156334626662,581.0338572045006,574.0033915340703,580.4346313476562,2089100,0.0,0.0,MA
2025-06-03 00:00:00-04:00,579.0864557200981,581.7428955741697,572.6651514617671,581.18359375,2116900,0.0,0.0,MA
2025-06-04 00:00:00-04:00,583.3806222491553,586.056993580376,581.433244999362,583.3406982421875,1530200,0.0,0.0,MA
2025-06-05 00:00:00-04:00,585.5177453162621,585.8972367169205,581.8427252359701,584.64892578125,1480000,0.0,0.0,MA
2025-06-06 00:00:00-04:00,587.1155960192941,590.3612046570535,585.248127617783,589.3226318359375,1528600,0.0,0.0,MA
2025-06-09 00:00:00-04:00,587.9444806667548,589.2027878984251,579.2162999679433,583.5404663085938,1936000,0.0,0.0,MA
2025-06-10 00:00:00-04:00,583.8600012286273,589.0729183138432,582.3719634286954,588.7433471679688,2133700,0.0,0.0,MA
2025-06-11 00:00:00-04:00,589.5223570387268,593.9064398258108,586.8060006529081,589.9417724609375,2238100,0.0,0.0,MA
2025-06-12 00:00:00-04:00,588.6335253893258,589.8718400868779,583.7701108531135,588.4837646484375,1984000,0.0,0.0,MA
2025-06-13 00:00:00-04:00,572.0858905894751,574.4626794171247,551.763413537058,561.2705688476562,5905400,0.0,0.0,MA
2025-06-16 00:00:00-04:00,563.1380373484271,574.2230137546179,561.879730209336,567.9015502929688,3108200,0.0,0.0,MA
2025-06-17 00:00:00-04:00,563.9568919642215,570.518021555823,563.2378941226291,568.6805419921875,2246600,0.0,0.0,MA
2025-06-18 00:00:00-04:00,570.1085954107743,570.3083373485551,533.4381821212987,538.0020141601562,6966800,0.0,0.0,MA
2025-06-20 00:00:00-04:00,536.2044880499511,537.612616978798,526.617484037199,532.2498168945312,8202800,0.0,0.0,MA
2025-06-23 00:00:00-04:00,530.7019029158009,542.3961017489772,526.8571296002633,541.6171264648438,3681100,0.0,0.0,MA
2025-06-24 00:00:00-04:00,556.4271087257071,563.3577335575072,551.7434436036776,556.7766723632812,4503200,0.0,0.0,MA
2025-06-25 00:00:00-04:00,555.2486891098827,557.7253184341481,547.8786566695838,548.9572143554688,2889200,0.0,0.0,MA
2025-06-26 00:00:00-04:00,544.7928587876966,548.1682353433738,541.3375123159705,545.0724487304688,3764100,0.0,0.0,MA
2025-06-27 00:00:00-04:00,546.031224959161,555.947800248422,544.8128417253586,549.576416015625,3837500,0.0,0.0,MA
2025-06-30 00:00:00-04:00,551.7534177091451,561.8697341172938,551.1542528583161,561.1806640625,5054600,0.0,0.0,MA
2025-07-01 00:00:00-04:00,558.5642160495673,565.5447609332309,556.2872676835118,563.8470458984375,3827000,0.0,0.0,MA
2025-07-02 00:00:00-04:00,562.1793557276492,565.2252223652876,556.636867099703,560.7612915039062,2502300,0.0,0.0,MA
2025-07-03 00:00:00-04:00,560.0222954753949,568.8902406186845,559.9823105142364,568.4708251953125,1528700,0.0,0.0,MA
2025-07-07 00:00:00-04:00,569.89887272349,569.9787816913106,559.5928101712278,564.3563842773438,2478300,0.0,0.0,MA
2025-07-08 00:00:00-04:00,563.8171155810562,565.8543370419827,559.6627027415796,561.6799926757812,3083800,0.0,0.0,MA
2025-07-09 00:00:00-04:00,562.0,565.4199829101562,559.25,565.1099853515625,2454300,0.76,0.0,MA
2025-07-10 00:00:00-04:00,565.6500244140625,566.0599975585938,561.010009765625,563.52001953125,2577200,0.0,0.0,MA
2025-07-11 00:00:00-04:00,559.8200073242188,560.8200073242188,545.8499755859375,550.1799926757812,3221400,0.0,0.0,MA
2025-07-14 00:00:00-04:00,550.5,559.0700073242188,547.7899780273438,553.02001953125,2500900,0.0,0.0,MA
2025-07-15 00:00:00-04:00,553.1099853515625,554.8599853515625,548.6500244140625,550.3599853515625,2449100,0.0,0.0,MA
2025-07-16 00:00:00-04:00,552.4199829101562,555.52001953125,549.5,555.52001953125,2424200,0.0,0.0,MA
2025-07-17 00:00:00-04:00,552.97998046875,557.3800048828125,550.510009765625,555.6099853515625,2722000,0.0,0.0,MA
2025-07-18 00:00:00-04:00,555.260009765625,556.3499755859375,550.8800048828125,552.6599731445312,2579600,0.0,0.0,MA
2025-07-21 00:00:00-04:00,553.4000244140625,558.0800170898438,552.0399780273438,554.6500244140625,2194400,0.0,0.0,MA
2025-07-22 00:00:00-04:00,555.8099975585938,560.2100219726562,555.239990234375,558.760009765625,2010400,0.0,0.0,MA
2025-07-23 00:00:00-04:00,557.010009765625,562.489990234375,554.5,562.0900268554688,2180400,0.0,0.0,MA
2025-07-24 00:00:00-04:00,562.0,567.8400268554688,561.9000244140625,563.5,1874700,0.0,0.0,MA
2025-07-25 00:00:00-04:00,564.3599853515625,569.9600219726562,563.8499755859375,568.219970703125,1513300,0.0,0.0,MA
2025-07-28 00:00:00-04:00,567.3699951171875,571.6500244140625,566.219970703125,568.280029296875,2492400,0.0,0.0,MA
2025-07-29 00:00:00-04:00,570.030029296875,573.0,563.0,563.3200073242188,2393800,0.0,0.0,MA
2025-07-30 00:00:00-04:00,560.3300170898438,565.6099853515625,555.2100219726562,559.1099853515625,2833200,0.0,0.0,MA
2025-07-31 00:00:00-04:00,568.5700073242188,579.4400024414062,562.510009765625,566.469970703125,4568300,0.0,0.0,MA
2025-08-01 00:00:00-04:00,563.8599853515625,564.8699951171875,556.0999755859375,559.8900146484375,3316700,0.0,0.0,MA
2025-08-04 00:00:00-04:00,564.2899780273438,569.9199829101562,562.5,569.8099975585938,2984700,0.0,0.0,MA
2025-08-05 00:00:00-04:00,569.5999755859375,571.8300170898438,562.1300048828125,566.0399780273438,2883200,0.0,0.0,MA
2025-08-06 00:00:00-04:00,568.989990234375,570.3599853515625,563.969970703125,569.1300048828125,2245200,0.0,0.0,MA
2025-08-07 00:00:00-04:00,572.969970703125,573.9000244140625,553.8599853515625,561.219970703125,2979600,0.0,0.0,MA
2025-08-08 00:00:00-04:00,563.75,576.1599731445312,562.6900024414062,574.3200073242188,2907700,0.0,0.0,MA
2025-08-11 00:00:00-04:00,575.0,576.5900268554688,569.4400024414062,573.5900268554688,2116600,0.0,0.0,MA
2025-08-12 00:00:00-04:00,575.1799926757812,578.3200073242188,570.4600219726562,574.1799926757812,2593800,0.0,0.0,MA
2025-08-13 00:00:00-04:00,577.3300170898438,580.27001953125,574.0399780273438,577.9000244140625,2352900,0.0,0.0,MA
2025-08-14 00:00:00-04:00,577.469970703125,584.4000244140625,575.5,583.760009765625,2642300,0.0,0.0,MA
2025-08-15 00:00:00-04:00,585.0,589.5599975585938,581.1099853515625,581.7000122070312,2263800,0.0,0.0,MA
2025-08-18 00:00:00-04:00,582.02001953125,585.489990234375,580.6900024414062,584.1400146484375,1812000,0.0,0.0,MA
2025-08-19 00:00:00-04:00,584.4099731445312,590.5700073242188,584.219970703125,585.510009765625,2334500,0.0,0.0,MA
2025-08-20 00:00:00-04:00,585.9099731445312,593.8800048828125,585.9099731445312,592.6799926757812,2884600,0.0,0.0,MA
2025-08-21 00:00:00-04:00,589.0399780273438,592.2100219726562,583.9299926757812,591.9199829101562,2349200,0.0,0.0,MA
2025-08-22 00:00:00-04:00,595.2999877929688,601.77001953125,593.0800170898438,598.9600219726562,2388900,0.0,0.0,MA
2025-08-25 00:00:00-04:00,597.8200073242188,599.0399780273438,592.8599853515625,593.2100219726562,1984300,0.0,0.0,MA
2025-08-26 00:00:00-04:00,593.0800170898438,596.0,586.2899780273438,591.6099853515625,4774600,0.0,0.0,MA
2025-08-27 00:00:00-04:00,591.2100219726562,594.6199951171875,589.8200073242188,590.6599731445312,1480900,0.0,0.0,MA
2025-08-28 00:00:00-04:00,590.8200073242188,593.530029296875,589.719970703125,590.47998046875,2159800,0.0,0.0,MA
2025-08-29 00:00:00-04:00,592.0,596.8300170898438,590.260009765625,595.2899780273438,2111200,0.0,0.0,MA
2025-09-02 00:00:00-04:00,595.6199951171875,595.6199951171875,586.0,591.8699951171875,2284500,0.0,0.0,MA
2025-09-03 00:00:00-04:00,591.8300170898438,594.0,588.9600219726562,593.280029296875,1959400,0.0,0.0,MA
2025-09-04 00:00:00-04:00,593.030029296875,595.8900146484375,589.2899780273438,595.6400146484375,1653700,0.0,0.0,MA
2025-09-05 00:00:00-04:00,595.469970703125,598.5800170898438,579.030029296875,584.219970703125,2432100,0.0,0.0,MA
2025-09-08 00:00:00-04:00,582.6199951171875,589.7899780273438,580.7000122070312,586.5999755859375,1948200,0.0,0.0,MA
2025-09-09 00:00:00-04:00,583.5399780273438,591.1799926757812,583.2999877929688,584.0,2266000,0.0,0.0,MA
2025-09-10 00:00:00-04:00,582.1300048828125,582.1300048828125,571.0,579.3800048828125,2535200,0.0,0.0,MA
2025-09-11 00:00:00-04:00,580.8800048828125,589.969970703125,580.010009765625,588.72998046875,2407000,0.0,0.0,MA
2025-09-12 00:00:00-04:00,586.4400024414062,589.2100219726562,580.0,580.4099731445312,2242800,0.0,0.0,MA
2025-09-15 00:00:00-04:00,582.72998046875,586.5,581.5,582.9600219726562,2222600,0.0,0.0,MA
2025-09-16 00:00:00-04:00,578.010009765625,588.1099853515625,576.8300170898438,586.4199829101562,2537000,0.0,0.0,MA
2025-09-17 00:00:00-04:00,587.7100219726562,598.8900146484375,587.4400024414062,598.6300048828125,2930800,0.0,0.0,MA
2025-09-18 00:00:00-04:00,596.0800170898438,601.6199951171875,585.8800048828125,586.0499877929688,3294600,0.0,0.0,MA
2025-09-19 00:00:00-04:00,588.6199951171875,588.8699951171875,581.510009765625,584.1599731445312,6745300,0.0,0.0,MA
2025-09-22 00:00:00-04:00,580.969970703125,587.3499755859375,580.1400146484375,584.489990234375,3241700,0.0,0.0,MA
2025-09-23 00:00:00-04:00,585.4500122070312,586.8599853515625,568.25,569.969970703125,3223000,0.0,0.0,MA
2025-09-24 00:00:00-04:00,571.280029296875,571.6599731445312,564.9500122070312,568.8099975585938,2867200,0.0,0.0,MA
2025-09-25 00:00:00-04:00,565.0,572.3900146484375,564.5700073242188,567.2999877929688,2700000,0.0,0.0,MA
2025-09-26 00:00:00-04:00,566.6199951171875,569.6640014648438,564.0599975585938,565.6500244140625,436384,0.0,0.0,MA
