Datetime,Open,High,Low,Close,Volume,Dividends,Stock Splits,Capital Gains,Symbol
2025-06-26 10:30:00-04:00,250.69000244140625,251.0800018310547,249.93499755859375,249.94000244140625,0,0.0,0.0,0.0,XLK
2025-06-26 11:30:00-04:00,249.97000122070312,250.9199981689453,249.80999755859375,250.7100067138672,1120892,0.0,0.0,0.0,XLK
2025-06-26 12:30:00-04:00,250.6999969482422,250.92999267578125,250.4499969482422,250.8699951171875,346750,0.0,0.0,0.0,XLK
2025-06-26 13:30:00-04:00,250.8800048828125,251.47000122070312,250.83999633789062,251.32000732421875,650912,0.0,0.0,0.0,XLK
2025-06-26 14:30:00-04:00,251.3300018310547,251.39999389648438,251.07000732421875,251.1999969482422,489334,0.0,0.0,0.0,XLK
2025-06-26 15:30:00-04:00,251.1999969482422,251.3300018310547,250.92999267578125,251.1300048828125,710799,0.0,0.0,0.0,XLK
2025-06-26 16:00:00-04:00,251.07,251.4,250.4417,251.05,0,0.0,0.0,0.0,XLK
2025-06-26 17:00:00-04:00,251.0,251.4,250.94,251.1,0,0.0,0.0,0.0,XLK
2025-06-26 18:00:00-04:00,251.1,251.48,251.07,251.48,0,0.0,0.0,0.0,XLK
2025-06-26 19:00:00-04:00,251.48,251.48,251.0,251.18,0,0.0,0.0,0.0,XLK
2025-06-27 04:00:00-04:00,252.15,252.15,251.83,251.87,0,0.0,0.0,0.0,XLK
2025-06-27 05:00:00-04:00,251.87,252.12,251.87,252.02,0,0.0,0.0,0.0,XLK
2025-06-27 06:00:00-04:00,252.02,252.17,251.95,252.08,0,0.0,0.0,0.0,XLK
2025-06-27 07:00:00-04:00,252.08,252.33,251.86,252.3,0,0.0,0.0,0.0,XLK
2025-06-27 08:00:00-04:00,252.3,252.61,251.61,252.34,0,0.0,0.0,0.0,XLK
2025-06-27 09:00:00-04:00,252.16,252.34,251.58,251.63,0,0.0,0.0,0.0,XLK
2025-06-27 09:30:00-04:00,251.75,252.52000427246094,251.3000030517578,252.22999572753906,1625964,0.0,0.0,0.0,XLK
2025-06-27 10:30:00-04:00,252.25,252.60000610351562,251.69000244140625,252.1999969482422,1022869,0.0,0.0,0.0,XLK
2025-06-27 11:30:00-04:00,252.19000244140625,252.70989990234375,252.10000610351562,252.3000030517578,371437,0.0,0.0,0.0,XLK
2025-06-27 12:30:00-04:00,252.3000030517578,252.32000732421875,251.8800048828125,252.02029418945312,383239,0.0,0.0,0.0,XLK
2025-06-27 13:30:00-04:00,252.02999877929688,252.17999267578125,250.38999938964844,250.38999938964844,710224,0.0,0.0,0.0,XLK
2025-06-27 14:30:00-04:00,250.44000244140625,250.58999633789062,249.6300048828125,250.3300018310547,656513,0.0,0.0,0.0,XLK
2025-06-27 15:30:00-04:00,250.3300018310547,250.89999389648438,250.3300018310547,250.66000366210938,1028965,0.0,0.0,0.0,XLK
2025-06-27 16:00:00-04:00,250.7,251.6482,250.24,250.64,0,0.0,0.0,0.0,XLK
2025-06-27 17:00:00-04:00,250.64,251.1,250.61,250.61,0,0.0,0.0,0.0,XLK
2025-06-27 18:00:00-04:00,250.73,251.73,250.73,250.89,0,0.0,0.0,0.0,XLK
2025-06-27 19:00:00-04:00,250.89,251.0,250.57,250.75,0,0.0,0.0,0.0,XLK
2025-06-30 04:00:00-04:00,252.14,252.81,250.8,252.46,0,0.0,0.0,0.0,XLK
2025-06-30 05:00:00-04:00,252.75,252.8,252.43,252.79,0,0.0,0.0,0.0,XLK
2025-06-30 06:00:00-04:00,252.85,252.85,252.66,252.81,0,0.0,0.0,0.0,XLK
2025-06-30 07:00:00-04:00,252.81,252.81,252.55,252.68,0,0.0,0.0,0.0,XLK
2025-06-30 08:00:00-04:00,252.62,252.8499,250.77,252.6,0,0.0,0.0,0.0,XLK
2025-06-30 09:00:00-04:00,252.61,252.94,252.51,252.84,0,0.0,0.0,0.0,XLK
2025-06-30 09:30:00-04:00,252.97000122070312,253.10000610351562,251.75999450683594,252.39999389648438,1220579,0.0,0.0,0.0,XLK
2025-06-30 10:30:00-04:00,252.42999267578125,252.4600067138672,252.05999755859375,252.27999877929688,707519,0.0,0.0,0.0,XLK
2025-06-30 11:30:00-04:00,252.2899932861328,253.02499389648438,252.1999969482422,252.57000732421875,601967,0.0,0.0,0.0,XLK
2025-06-30 12:30:00-04:00,252.5399932861328,252.8699951171875,252.19500732421875,252.35650634765625,514688,0.0,0.0,0.0,XLK
2025-06-30 13:30:00-04:00,252.36349487304688,252.60000610351562,251.8800048828125,252.32000732421875,751285,0.0,0.0,0.0,XLK
2025-06-30 14:30:00-04:00,252.3300018310547,253.58999633789062,251.75,253.35499572753906,1245150,0.0,0.0,0.0,XLK
2025-06-30 15:30:00-04:00,253.34500122070312,253.9199981689453,253.16000366210938,253.16000366210938,1363183,0.0,0.0,0.0,XLK
2025-06-30 16:00:00-04:00,253.23,253.5,252.49,253.28,0,0.0,0.0,0.0,XLK
2025-06-30 17:00:00-04:00,253.15,253.44,252.95,253.15,0,0.0,0.0,0.0,XLK
2025-06-30 18:00:00-04:00,253.15,253.4,252.94,253.19,0,0.0,0.0,0.0,XLK
2025-06-30 19:00:00-04:00,253.166,253.5165,252.92,253.4652,0,0.0,0.0,0.0,XLK
2025-07-01 04:00:00-04:00,252.96,253.19,252.52,252.95,0,0.0,0.0,0.0,XLK
2025-07-01 05:00:00-04:00,253.06,253.2,252.86,253.0,0,0.0,0.0,0.0,XLK
2025-07-01 06:00:00-04:00,253.06,253.06,252.76,252.93,0,0.0,0.0,0.0,XLK
2025-07-01 07:00:00-04:00,252.93,252.96,252.73,252.84,0,0.0,0.0,0.0,XLK
2025-07-01 08:00:00-04:00,253.06,253.44,252.04,252.21,0,0.0,0.0,0.0,XLK
2025-07-01 09:00:00-04:00,252.32,253.23,252.14,252.66,0,0.0,0.0,0.0,XLK
2025-07-01 09:30:00-04:00,252.4199981689453,252.9499969482422,251.51390075683594,251.72000122070312,1102540,0.0,0.0,0.0,XLK
2025-07-01 10:30:00-04:00,251.77000427246094,251.87120056152344,249.25,250.5749969482422,1391402,0.0,0.0,0.0,XLK
2025-07-01 11:30:00-04:00,250.55999755859375,251.10000610351562,249.5399932861328,251.0,908695,0.0,0.0,0.0,XLK
2025-07-01 12:30:00-04:00,250.97000122070312,251.7899932861328,250.85000610351562,251.5500946044922,1217441,0.0,0.0,0.0,XLK
2025-07-01 13:30:00-04:00,251.5500030517578,251.9600067138672,251.3000030517578,251.41000366210938,835403,0.0,0.0,0.0,XLK
2025-07-01 14:30:00-04:00,251.38999938964844,251.66000366210938,250.3300018310547,251.27999877929688,822869,0.0,0.0,0.0,XLK
2025-07-01 15:30:00-04:00,251.27999877929688,251.52000427246094,250.77000427246094,250.97999572753906,1034428,0.0,0.0,0.0,XLK
2025-07-01 16:00:00-04:00,250.97,251.32,250.4297,250.93,0,0.0,0.0,0.0,XLK
2025-07-01 17:00:00-04:00,250.89,251.2,250.25,250.4,0,0.0,0.0,0.0,XLK
2025-07-01 18:00:00-04:00,250.87,251.2,250.77,251.0,0,0.0,0.0,0.0,XLK
2025-07-01 19:00:00-04:00,251.25,251.25,251.061,251.25,0,0.0,0.0,0.0,XLK
2025-07-02 04:00:00-04:00,250.91,250.91,250.91,250.91,0,0.0,0.0,0.0,XLK
2025-07-02 05:00:00-04:00,250.91,251.22,250.91,251.08,0,0.0,0.0,0.0,XLK
2025-07-02 06:00:00-04:00,251.08,251.26,250.92,250.97,0,0.0,0.0,0.0,XLK
2025-07-02 07:00:00-04:00,250.83,250.97,250.63,250.97,0,0.0,0.0,0.0,XLK
2025-07-02 08:00:00-04:00,250.83,252.14,250.1002,250.41,0,0.0,0.0,0.0,XLK
2025-07-02 09:00:00-04:00,250.45,250.97,249.6401,249.96,0,0.0,0.0,0.0,XLK
2025-07-02 09:30:00-04:00,250.33999633789062,252.0399932861328,250.15499877929688,251.97999572753906,1436151,0.0,0.0,0.0,XLK
2025-07-02 10:30:00-04:00,252.0,253.2104034423828,252.0,252.55999755859375,1170238,0.0,0.0,0.0,XLK
2025-07-02 11:30:00-04:00,252.52999877929688,253.189697265625,252.47000122070312,253.00999450683594,528232,0.0,0.0,0.0,XLK
2025-07-02 12:30:00-04:00,253.02999877929688,253.27999877929688,252.8000030517578,252.92999267578125,344374,0.0,0.0,0.0,XLK
2025-07-02 13:30:00-04:00,252.9199981689453,253.11000061035156,252.72000122070312,252.9199981689453,393577,0.0,0.0,0.0,XLK
2025-07-02 14:30:00-04:00,252.92999267578125,253.4600067138672,252.86000061035156,253.30499267578125,1059123,0.0,0.0,0.0,XLK
2025-07-02 15:30:00-04:00,253.27999877929688,253.7899932861328,253.14999389648438,253.67999267578125,828620,0.0,0.0,0.0,XLK
2025-07-02 16:00:00-04:00,253.69,253.95,253.22,253.52,0,0.0,0.0,0.0,XLK
2025-07-02 17:00:00-04:00,253.5,254.0,253.24,253.35,0,0.0,0.0,0.0,XLK
2025-07-02 18:00:00-04:00,253.35,253.9,253.23,253.76,0,0.0,0.0,0.0,XLK
2025-07-02 19:00:00-04:00,253.76,253.83,253.5,253.51,0,0.0,0.0,0.0,XLK
2025-07-03 04:00:00-04:00,254.3,254.3,254.16,254.16,0,0.0,0.0,0.0,XLK
2025-07-03 05:00:00-04:00,254.16,254.16,253.86,253.86,0,0.0,0.0,0.0,XLK
2025-07-03 06:00:00-04:00,254.1,254.1,253.52,253.65,0,0.0,0.0,0.0,XLK
2025-07-03 07:00:00-04:00,253.71,253.98,253.66,253.93,0,0.0,0.0,0.0,XLK
2025-07-03 08:00:00-04:00,253.93,254.3388,253.62,253.99,0,0.0,0.0,0.0,XLK
2025-07-03 09:00:00-04:00,254.22,254.79,250.305,254.6,0,0.0,0.0,0.0,XLK
2025-07-03 09:30:00-04:00,255.0,257.44000244140625,254.89999389648438,257.3399963378906,1205926,0.0,0.0,0.0,XLK
2025-07-03 10:30:00-04:00,257.3500061035156,257.4100036621094,256.6700134277344,257.3299865722656,833496,0.0,0.0,0.0,XLK
2025-07-03 11:30:00-04:00,257.32000732421875,257.7300109863281,257.30499267578125,257.3299865722656,660262,0.0,0.0,0.0,XLK
2025-07-03 13:00:00-04:00,257.32000732421875,257.3299865722656,256.5199890136719,256.9320068359375,0,0.0,0.0,0.0,XLK
2025-07-03 14:00:00-04:00,256.93,257.0087,256.56,256.71,0,0.0,0.0,0.0,XLK
2025-07-03 15:00:00-04:00,256.71,257.0,256.51,256.96,0,0.0,0.0,0.0,XLK
2025-07-03 16:00:00-04:00,256.96,257.0,256.64,256.97,0,0.0,0.0,0.0,XLK
2025-07-07 04:00:00-04:00,255.92,256.13,255.57,255.74,0,0.0,0.0,0.0,XLK
2025-07-07 05:00:00-04:00,255.81,255.82,255.57,255.67,0,0.0,0.0,0.0,XLK
2025-07-07 06:00:00-04:00,255.66,256.5,255.66,256.4,0,0.0,0.0,0.0,XLK
2025-07-07 07:00:00-04:00,256.34,256.52,256.11,256.38,0,0.0,0.0,0.0,XLK
2025-07-07 08:00:00-04:00,256.33,256.96,255.4,256.4,0,0.0,0.0,0.0,XLK
2025-07-07 09:00:00-04:00,256.49,256.96,255.86,256.06,0,0.0,0.0,0.0,XLK
2025-07-07 09:30:00-04:00,255.97000122070312,256.6400146484375,255.58999633789062,255.97000122070312,1031347,0.0,0.0,0.0,XLK
2025-07-07 10:30:00-04:00,255.97000122070312,256.04998779296875,255.19000244140625,255.6999969482422,495995,0.0,0.0,0.0,XLK
2025-07-07 11:30:00-04:00,255.69000244140625,256.30999755859375,254.67999267578125,255.44000244140625,978232,0.0,0.0,0.0,XLK
2025-07-07 12:30:00-04:00,255.42999267578125,255.77999877929688,254.82000732421875,254.97999572753906,687919,0.0,0.0,0.0,XLK
2025-07-07 13:30:00-04:00,254.97000122070312,255.64999389648438,253.82000732421875,253.8300018310547,938155,0.0,0.0,0.0,XLK
2025-07-07 14:30:00-04:00,253.8300018310547,254.99000549316406,253.77999877929688,254.52000427246094,676129,0.0,0.0,0.0,XLK
2025-07-07 15:30:00-04:00,254.52000427246094,255.0399932861328,254.4550018310547,254.9600067138672,829526,0.0,0.0,0.0,XLK
2025-07-07 16:00:00-04:00,254.92,264.8697,249.5129,254.6,0,0.0,0.0,0.0,XLK
2025-07-07 17:00:00-04:00,254.5,254.64,254.27,254.4,0,0.0,0.0,0.0,XLK
2025-07-07 18:00:00-04:00,254.4,254.7988,254.1314,254.57,0,0.0,0.0,0.0,XLK
2025-07-07 19:00:00-04:00,254.43,254.76,254.43,254.76,0,0.0,0.0,0.0,XLK
2025-07-08 04:00:00-04:00,256.37,256.43,255.67,255.71,0,0.0,0.0,0.0,XLK
2025-07-08 05:00:00-04:00,255.71,255.89,255.48,255.65,0,0.0,0.0,0.0,XLK
2025-07-08 06:00:00-04:00,255.65,255.77,255.44,255.58,0,0.0,0.0,0.0,XLK
2025-07-08 07:00:00-04:00,255.58,255.9,255.58,255.8,0,0.0,0.0,0.0,XLK
2025-07-08 08:00:00-04:00,255.8,256.01,254.92,255.71,0,0.0,0.0,0.0,XLK
2025-07-08 09:00:00-04:00,255.76,255.98,254.92,255.81,0,0.0,0.0,0.0,XLK
2025-07-08 09:30:00-04:00,256.260009765625,256.260009765625,255.22999572753906,255.6999969482422,1540749,0.0,0.0,0.0,XLK
2025-07-08 10:30:00-04:00,255.69000244140625,256.4700012207031,255.4499969482422,255.56930541992188,1039970,0.0,0.0,0.0,XLK
2025-07-08 11:30:00-04:00,255.6300048828125,256.7799987792969,255.48500061035156,256.5799865722656,482789,0.0,0.0,0.0,XLK
2025-07-08 12:30:00-04:00,256.5899963378906,256.6400146484375,255.6999969482422,256.1199951171875,938180,0.0,0.0,0.0,XLK
2025-07-08 13:30:00-04:00,256.1300048828125,256.5849914550781,255.91000366210938,256.18499755859375,870669,0.0,0.0,0.0,XLK
2025-07-08 14:30:00-04:00,256.2099914550781,256.3399963378906,255.75999450683594,256.0899963378906,1398836,0.0,0.0,0.0,XLK
2025-07-08 15:30:00-04:00,256.0799865722656,256.44000244140625,255.92999267578125,256.2699890136719,1480891,0.0,0.0,0.0,XLK
2025-07-08 16:00:00-04:00,256.29,256.5699,256.05,256.35,0,0.0,0.0,0.0,XLK
2025-07-08 17:00:00-04:00,256.35,256.68,256.0,256.55,0,0.0,0.0,0.0,XLK
2025-07-08 18:00:00-04:00,256.58,256.586,256.0,256.01,0,0.0,0.0,0.0,XLK
2025-07-08 19:00:00-04:00,256.01,256.58,256.01,256.29,0,0.0,0.0,0.0,XLK
2025-07-09 04:00:00-04:00,256.51,256.51,256.11,256.11,0,0.0,0.0,0.0,XLK
2025-07-09 05:00:00-04:00,256.11,256.53,256.11,256.53,0,0.0,0.0,0.0,XLK
2025-07-09 06:00:00-04:00,256.53,256.9,256.53,256.68,0,0.0,0.0,0.0,XLK
2025-07-09 07:00:00-04:00,256.74,256.94,256.72,256.84,0,0.0,0.0,0.0,XLK
2025-07-09 08:00:00-04:00,256.98,257.09,256.11,257.09,0,0.0,0.0,0.0,XLK
2025-07-09 09:00:00-04:00,256.92,257.29,256.29,257.29,0,0.0,0.0,0.0,XLK
2025-07-09 09:30:00-04:00,257.20001220703125,258.79998779296875,257.1000061035156,257.6300048828125,1373410,0.0,0.0,0.0,XLK
2025-07-09 10:30:00-04:00,257.6099853515625,257.6099853515625,255.9149932861328,256.6199951171875,1185867,0.0,0.0,0.0,XLK
2025-07-09 11:30:00-04:00,256.6300048828125,256.69000244140625,256.1199951171875,256.6000061035156,936256,0.0,0.0,0.0,XLK
2025-07-09 12:30:00-04:00,256.6300048828125,256.9800109863281,256.44000244140625,256.8299865722656,641458,0.0,0.0,0.0,XLK
2025-07-09 13:30:00-04:00,256.82000732421875,257.510009765625,256.7850036621094,257.3699951171875,703291,0.0,0.0,0.0,XLK
2025-07-09 14:30:00-04:00,257.3399963378906,257.614990234375,257.260009765625,257.44000244140625,574103,0.0,0.0,0.0,XLK
2025-07-09 15:30:00-04:00,257.42999267578125,257.875,257.3949890136719,257.8299865722656,875127,0.0,0.0,0.0,XLK
2025-07-09 16:00:00-04:00,257.83,258.0,256.5,257.77,0,0.0,0.0,0.0,XLK
2025-07-09 17:00:00-04:00,257.77,258.0,257.49,258.0,0,0.0,0.0,0.0,XLK
2025-07-09 18:00:00-04:00,258.0,258.0,257.64,257.87,0,0.0,0.0,0.0,XLK
2025-07-09 19:00:00-04:00,257.87,257.995,257.71,257.75,0,0.0,0.0,0.0,XLK
2025-07-10 04:00:00-04:00,257.64,257.75,257.29,257.69,0,0.0,0.0,0.0,XLK
2025-07-10 05:00:00-04:00,257.79,257.96,257.6,257.73,0,0.0,0.0,0.0,XLK
2025-07-10 06:00:00-04:00,257.68,257.93,257.57,257.81,0,0.0,0.0,0.0,XLK
2025-07-10 07:00:00-04:00,257.92,258.28,257.89,258.18,0,0.0,0.0,0.0,XLK
2025-07-10 08:00:00-04:00,258.21,258.52,257.13,258.37,0,0.0,0.0,0.0,XLK
2025-07-10 09:00:00-04:00,258.3,258.39,258.04,258.19,0,0.0,0.0,0.0,XLK
2025-07-10 09:30:00-04:00,258.4700012207031,258.70001220703125,255.6300048828125,256.260009765625,1291274,0.0,0.0,0.0,XLK
2025-07-10 10:30:00-04:00,256.3699951171875,257.1499938964844,256.1400146484375,257.1000061035156,899269,0.0,0.0,0.0,XLK
2025-07-10 11:30:00-04:00,257.1000061035156,257.385009765625,256.54998779296875,257.17999267578125,630676,0.0,0.0,0.0,XLK
2025-07-10 12:30:00-04:00,257.19000244140625,257.44000244140625,256.8900146484375,257.3656921386719,367556,0.0,0.0,0.0,XLK
2025-07-10 13:30:00-04:00,257.3800048828125,257.7250061035156,257.3800048828125,257.5,389828,0.0,0.0,0.0,XLK
2025-07-10 14:30:00-04:00,257.5,257.6099853515625,257.2099914550781,257.25,610703,0.0,0.0,0.0,XLK
2025-07-10 15:30:00-04:00,257.25,257.4200134277344,256.6400146484375,257.0,723461,0.0,0.0,0.0,XLK
2025-07-10 16:00:00-04:00,257.0,257.28,256.5,256.88,0,0.0,0.0,0.0,XLK
2025-07-10 17:00:00-04:00,257.2,257.22,256.57,256.57,0,0.0,0.0,0.0,XLK
2025-07-10 18:00:00-04:00,256.57,257.19,256.57,257.1899,0,0.0,0.0,0.0,XLK
2025-07-10 19:00:00-04:00,256.59,257.57,256.59,257.5299,0,0.0,0.0,0.0,XLK
2025-07-11 04:00:00-04:00,255.63,256.62,255.32,255.6,0,0.0,0.0,0.0,XLK
2025-07-11 05:00:00-04:00,255.43,255.78,255.36,255.55,0,0.0,0.0,0.0,XLK
2025-07-11 06:00:00-04:00,255.55,255.67,255.02,255.32,0,0.0,0.0,0.0,XLK
2025-07-11 07:00:00-04:00,255.32,255.63,255.01,255.52,0,0.0,0.0,0.0,XLK
2025-07-11 08:00:00-04:00,255.63,256.98,255.19,255.4,0,0.0,0.0,0.0,XLK
2025-07-11 09:00:00-04:00,255.38,255.61,255.25,255.51,0,0.0,0.0,0.0,XLK
2025-07-11 09:30:00-04:00,255.75999450683594,257.25,255.44000244140625,257.0899963378906,1099535,0.0,0.0,0.0,XLK
2025-07-11 10:30:00-04:00,257.04998779296875,257.3500061035156,256.07000732421875,256.6099853515625,566927,0.0,0.0,0.0,XLK
2025-07-11 11:30:00-04:00,256.6099853515625,257.1499938964844,256.5950012207031,256.9100036621094,507798,0.0,0.0,0.0,XLK
2025-07-11 12:30:00-04:00,256.8900146484375,257.1700134277344,256.5899963378906,256.8900146484375,337648,0.0,0.0,0.0,XLK
2025-07-11 13:30:00-04:00,256.8900146484375,256.95001220703125,256.260009765625,256.6300048828125,466239,0.0,0.0,0.0,XLK
2025-07-11 14:30:00-04:00,256.6199951171875,256.8500061035156,255.60000610351562,256.1099853515625,610406,0.0,0.0,0.0,XLK
2025-07-11 15:30:00-04:00,256.0899963378906,256.1600036621094,255.7899932861328,255.7899932861328,807737,0.0,0.0,0.0,XLK
2025-07-11 16:00:00-04:00,255.8,256.179,255.53,255.88,0,0.0,0.0,0.0,XLK
2025-07-11 17:00:00-04:00,255.88,255.9,241.755,255.8,0,0.0,0.0,0.0,XLK
2025-07-11 18:00:00-04:00,255.99,255.99,255.54,255.54,0,0.0,0.0,0.0,XLK
2025-07-11 19:00:00-04:00,255.54,255.99,255.5,255.5,0,0.0,0.0,0.0,XLK
2025-07-14 04:00:00-04:00,255.0,255.0,254.5,254.62,0,0.0,0.0,0.0,XLK
2025-07-14 05:00:00-04:00,254.6,255.05,254.6,255.05,0,0.0,0.0,0.0,XLK
2025-07-14 06:00:00-04:00,254.98,255.13,254.82,254.87,0,0.0,0.0,0.0,XLK
2025-07-14 07:00:00-04:00,254.97,254.97,254.56,254.73,0,0.0,0.0,0.0,XLK
2025-07-14 08:00:00-04:00,254.64,255.85,254.01,255.24,0,0.0,0.0,0.0,XLK
2025-07-14 09:00:00-04:00,254.9,255.85,254.7501,254.88,0,0.0,0.0,0.0,XLK
2025-07-14 09:30:00-04:00,255.22000122070312,255.40499877929688,253.1999969482422,254.47000122070312,1104800,0.0,0.0,0.0,XLK
2025-07-14 10:30:00-04:00,254.4499969482422,255.6699981689453,254.27000427246094,255.50999450683594,668860,0.0,0.0,0.0,XLK
2025-07-14 11:30:00-04:00,255.5,256.05999755859375,255.35000610351562,255.75489807128906,460491,0.0,0.0,0.0,XLK
2025-07-14 12:30:00-04:00,255.7550048828125,256.1499938964844,255.5001983642578,255.99000549316406,356026,0.0,0.0,0.0,XLK
2025-07-14 13:30:00-04:00,255.99000549316406,256.2699890136719,255.9250030517578,256.05010986328125,372587,0.0,0.0,0.0,XLK
2025-07-14 14:30:00-04:00,256.04998779296875,256.19000244140625,255.74000549316406,255.80999755859375,453693,0.0,0.0,0.0,XLK
2025-07-14 15:30:00-04:00,255.80999755859375,255.80999755859375,255.49000549316406,255.61000061035156,533396,0.0,0.0,0.0,XLK
2025-07-14 16:00:00-04:00,255.64,255.99,255.22,255.67,0,0.0,0.0,0.0,XLK
2025-07-14 17:00:00-04:00,255.6,256.4,255.6,256.0,0,0.0,0.0,0.0,XLK
2025-07-14 18:00:00-04:00,255.91,255.91,255.5,255.7,0,0.0,0.0,0.0,XLK
2025-07-14 19:00:00-04:00,255.6699,255.67,255.26,255.58,0,0.0,0.0,0.0,XLK
2025-07-15 04:00:00-04:00,257.77,258.28,257.57,258.28,0,0.0,0.0,0.0,XLK
2025-07-15 05:00:00-04:00,258.11,258.39,258.04,258.37,0,0.0,0.0,0.0,XLK
2025-07-15 06:00:00-04:00,258.36,258.46,258.28,258.44,0,0.0,0.0,0.0,XLK
2025-07-15 07:00:00-04:00,258.41,258.54,258.16,258.42,0,0.0,0.0,0.0,XLK
2025-07-15 08:00:00-04:00,258.33,258.5269,255.64,258.16,0,0.0,0.0,0.0,XLK
2025-07-15 09:00:00-04:00,258.2,258.8,255.64,258.54,0,0.0,0.0,0.0,XLK
2025-07-15 09:30:00-04:00,258.6199951171875,259.2300109863281,257.95001220703125,259.0400085449219,1639104,0.0,0.0,0.0,XLK
2025-07-15 10:30:00-04:00,259.0400085449219,259.1300048828125,258.010009765625,259.0,959389,0.0,0.0,0.0,XLK
2025-07-15 11:30:00-04:00,259.0,259.0299987792969,258.4100036621094,258.6600036621094,611257,0.0,0.0,0.0,XLK
2025-07-15 12:30:00-04:00,258.6700134277344,258.8599853515625,257.82000732421875,258.2699890136719,626475,0.0,0.0,0.0,XLK
2025-07-15 13:30:00-04:00,258.2699890136719,259.11749267578125,258.2200012207031,258.9700012207031,603549,0.0,0.0,0.0,XLK
2025-07-15 14:30:00-04:00,258.989990234375,259.0799865722656,257.9800109863281,258.05999755859375,989414,0.0,0.0,0.0,XLK
2025-07-15 15:30:00-04:00,258.07000732421875,258.3999938964844,257.8500061035156,257.8599853515625,1494043,0.0,0.0,0.0,XLK
2025-07-15 16:00:00-04:00,257.84,258.1763,257.2,257.42,0,0.0,0.0,0.0,XLK
2025-07-15 17:00:00-04:00,257.42,257.91,257.1,257.48,0,0.0,0.0,0.0,XLK
2025-07-15 18:00:00-04:00,257.51,257.51,256.9,257.07,0,0.0,0.0,0.0,XLK
2025-07-15 19:00:00-04:00,257.18,257.48,257.05,257.05,0,0.0,0.0,0.0,XLK
2025-07-16 04:00:00-04:00,257.12,257.12,256.77,257.09,0,0.0,0.0,0.0,XLK
2025-07-16 05:00:00-04:00,257.04,257.16,256.88,257.0,0,0.0,0.0,0.0,XLK
2025-07-16 06:00:00-04:00,257.0,257.15,256.99,257.02,0,0.0,0.0,0.0,XLK
2025-07-16 07:00:00-04:00,257.18,257.5,257.18,257.5,0,0.0,0.0,0.0,XLK
2025-07-16 08:00:00-04:00,257.34,257.91,256.58,257.41,0,0.0,0.0,0.0,XLK
2025-07-16 09:00:00-04:00,257.65,258.16,257.41,257.91,0,0.0,0.0,0.0,XLK
2025-07-16 09:30:00-04:00,258.0,258.2149963378906,256.57501220703125,257.0899963378906,1450443,0.0,0.0,0.0,XLK
2025-07-16 10:30:00-04:00,257.0899963378906,257.3800048828125,255.72999572753906,256.5799865722656,1497578,0.0,0.0,0.0,XLK
2025-07-16 11:30:00-04:00,256.55499267578125,257.2699890136719,254.80999755859375,256.6700134277344,1253827,0.0,0.0,0.0,XLK
2025-07-16 12:30:00-04:00,256.69000244140625,257.9599914550781,256.5199890136719,257.67999267578125,810042,0.0,0.0,0.0,XLK
2025-07-16 13:30:00-04:00,257.6700134277344,257.9700012207031,257.44500732421875,257.9200134277344,576052,0.0,0.0,0.0,XLK
2025-07-16 14:30:00-04:00,257.94000244140625,258.3691101074219,257.9100036621094,258.32501220703125,466705,0.0,0.0,0.0,XLK
2025-07-16 15:30:00-04:00,258.32000732421875,258.8550109863281,258.2651062011719,258.6700134277344,1357666,0.0,0.0,0.0,XLK
2025-07-16 16:00:00-04:00,258.71,258.88,257.3443,258.55,0,0.0,0.0,0.0,XLK
2025-07-16 17:00:00-04:00,258.71,258.99,258.3,258.51,0,0.0,0.0,0.0,XLK
2025-07-16 18:00:00-04:00,258.51,258.56,257.96,258.07,0,0.0,0.0,0.0,XLK
2025-07-16 19:00:00-04:00,258.4,258.4,257.6,258.38,0,0.0,0.0,0.0,XLK
2025-07-17 04:00:00-04:00,259.16,259.25,258.91,258.91,0,0.0,0.0,0.0,XLK
2025-07-17 05:00:00-04:00,259.12,259.4,259.12,259.33,0,0.0,0.0,0.0,XLK
2025-07-17 06:00:00-04:00,259.31,259.4,259.14,259.26,0,0.0,0.0,0.0,XLK
2025-07-17 07:00:00-04:00,259.28,259.35,258.76,258.8,0,0.0,0.0,0.0,XLK
2025-07-17 08:00:00-04:00,258.95,259.7,257.8422,258.74,0,0.0,0.0,0.0,XLK
2025-07-17 09:00:00-04:00,258.9,259.5256,258.71,259.28,0,0.0,0.0,0.0,XLK
2025-07-17 09:30:00-04:00,259.0199890136719,260.5299072265625,258.510009765625,260.0050048828125,1315083,0.0,0.0,0.0,XLK
2025-07-17 10:30:00-04:00,259.9700012207031,261.05999755859375,259.95001220703125,260.7799987792969,808588,0.0,0.0,0.0,XLK
2025-07-17 11:30:00-04:00,260.7699890136719,261.4700012207031,260.7300109863281,261.2749938964844,612400,0.0,0.0,0.0,XLK
2025-07-17 12:30:00-04:00,261.2699890136719,261.29998779296875,261.010009765625,261.20001220703125,562338,0.0,0.0,0.0,XLK
2025-07-17 13:30:00-04:00,261.20001220703125,261.44000244140625,260.8900146484375,261.0799865722656,530495,0.0,0.0,0.0,XLK
2025-07-17 14:30:00-04:00,261.0799865722656,261.25,260.9549865722656,261.1400146484375,510976,0.0,0.0,0.0,XLK
2025-07-17 15:30:00-04:00,261.1400146484375,261.3399963378906,260.95001220703125,261.0799865722656,1264294,0.0,0.0,0.0,XLK
2025-07-17 16:00:00-04:00,261.06,261.44,260.79,261.16,0,0.0,0.0,0.0,XLK
2025-07-17 17:00:00-04:00,261.16,261.5,261.0,261.4,0,0.0,0.0,0.0,XLK
2025-07-17 18:00:00-04:00,261.4,261.4,261.0,261.23,0,0.0,0.0,0.0,XLK
2025-07-17 19:00:00-04:00,261.23,261.4,261.13,261.14,0,0.0,0.0,0.0,XLK
2025-07-18 04:00:00-04:00,261.49,261.73,261.45,261.73,0,0.0,0.0,0.0,XLK
2025-07-18 05:00:00-04:00,261.71,261.71,261.38,261.64,0,0.0,0.0,0.0,XLK
2025-07-18 06:00:00-04:00,261.64,261.64,261.38,261.38,0,0.0,0.0,0.0,XLK
2025-07-18 07:00:00-04:00,261.38,261.49,261.27,261.38,0,0.0,0.0,0.0,XLK
2025-07-18 08:00:00-04:00,261.38,261.99,261.0312,261.41,0,0.0,0.0,0.0,XLK
2025-07-18 09:00:00-04:00,261.41,261.65,261.06,261.65,0,0.0,0.0,0.0,XLK
2025-07-18 09:30:00-04:00,262.05999755859375,262.1499938964844,260.239990234375,260.3699951171875,1432909,0.0,0.0,0.0,XLK
2025-07-18 10:30:00-04:00,260.3800048828125,261.0599060058594,260.19000244140625,260.6499938964844,629777,0.0,0.0,0.0,XLK
2025-07-18 11:30:00-04:00,260.6600036621094,261.1700134277344,260.3299865722656,260.57501220703125,652735,0.0,0.0,0.0,XLK
2025-07-18 12:30:00-04:00,260.54998779296875,260.875,260.2099914550781,260.7900085449219,708920,0.0,0.0,0.0,XLK
2025-07-18 13:30:00-04:00,260.7799987792969,260.94000244140625,260.4849853515625,260.82000732421875,383458,0.0,0.0,0.0,XLK
2025-07-18 14:30:00-04:00,260.82000732421875,261.07000732421875,260.6400146484375,260.7650146484375,451257,0.0,0.0,0.0,XLK
2025-07-18 15:30:00-04:00,260.760009765625,260.9750061035156,260.6300048828125,260.8900146484375,530619,0.0,0.0,0.0,XLK
2025-07-18 16:00:00-04:00,260.89,260.9,260.68,260.8,0,0.0,0.0,0.0,XLK
2025-07-18 17:00:00-04:00,260.87,272.1488,249.5129,260.86,0,0.0,0.0,0.0,XLK
2025-07-18 18:00:00-04:00,260.86,260.87,260.756,260.756,0,0.0,0.0,0.0,XLK
2025-07-18 19:00:00-04:00,260.81,261.27,260.81,261.1,0,0.0,0.0,0.0,XLK
2025-07-21 04:00:00-04:00,261.63,261.69,261.39,261.54,0,0.0,0.0,0.0,XLK
2025-07-21 05:00:00-04:00,261.45,261.62,261.24,261.62,0,0.0,0.0,0.0,XLK
2025-07-21 06:00:00-04:00,261.48,261.65,261.45,261.65,0,0.0,0.0,0.0,XLK
2025-07-21 07:00:00-04:00,261.57,261.64,261.38,261.47,0,0.0,0.0,0.0,XLK
2025-07-21 08:00:00-04:00,261.47,261.8588,260.89,261.34,0,0.0,0.0,0.0,XLK
2025-07-21 09:00:00-04:00,261.34,261.34,260.63,260.83,0,0.0,0.0,0.0,XLK
2025-07-21 09:30:00-04:00,261.17999267578125,262.8550109863281,260.875,262.81500244140625,1328559,0.0,0.0,0.0,XLK
2025-07-21 10:30:00-04:00,262.8399963378906,263.010009765625,262.2699890136719,262.44000244140625,572501,0.0,0.0,0.0,XLK
2025-07-21 11:30:00-04:00,262.45001220703125,262.6000061035156,261.7650146484375,262.0400085449219,603913,0.0,0.0,0.0,XLK
2025-07-21 12:30:00-04:00,262.0400085449219,262.6000061035156,262.0199890136719,262.57000732421875,302863,0.0,0.0,0.0,XLK
2025-07-21 13:30:00-04:00,262.55999755859375,262.6000061035156,262.03118896484375,262.3399963378906,307889,0.0,0.0,0.0,XLK
2025-07-21 14:30:00-04:00,262.3450012207031,262.3500061035156,261.5950012207031,261.6400146484375,652168,0.0,0.0,0.0,XLK
2025-07-21 15:30:00-04:00,261.6499938964844,261.7900085449219,261.0950012207031,261.2799987792969,643301,0.0,0.0,0.0,XLK
2025-07-21 16:00:00-04:00,261.23,261.48,260.61,260.71,0,0.0,0.0,0.0,XLK
2025-07-21 17:00:00-04:00,261.0,261.1,260.1,260.769,0,0.0,0.0,0.0,XLK
2025-07-21 18:00:00-04:00,260.76,261.23,260.65,260.65,0,0.0,0.0,0.0,XLK
2025-07-21 19:00:00-04:00,260.73,261.1,260.42,260.73,0,0.0,0.0,0.0,XLK
2025-07-22 04:00:00-04:00,260.89,260.89,260.3,260.39,0,0.0,0.0,0.0,XLK
2025-07-22 05:00:00-04:00,260.34,260.46,259.79,259.93,0,0.0,0.0,0.0,XLK
2025-07-22 06:00:00-04:00,259.97,260.21,259.88,260.04,0,0.0,0.0,0.0,XLK
2025-07-22 07:00:00-04:00,260.12,260.64,259.96,260.46,0,0.0,0.0,0.0,XLK
2025-07-22 08:00:00-04:00,260.53,261.23,259.73,260.6,0,0.0,0.0,0.0,XLK
2025-07-22 09:00:00-04:00,260.91,261.23,260.65,260.96,0,0.0,0.0,0.0,XLK
2025-07-22 09:30:00-04:00,261.0299987792969,261.0849914550781,256.95001220703125,258.1000061035156,1658019,0.0,0.0,0.0,XLK
2025-07-22 10:30:00-04:00,258.1099853515625,259.20001220703125,258.1000061035156,258.94000244140625,818739,0.0,0.0,0.0,XLK
2025-07-22 11:30:00-04:00,258.94000244140625,259.3800048828125,258.2300109863281,258.32000732421875,880868,0.0,0.0,0.0,XLK
2025-07-22 12:30:00-04:00,258.2900085449219,259.239990234375,258.0899963378906,259.1499938964844,719372,0.0,0.0,0.0,XLK
2025-07-22 13:30:00-04:00,259.1600036621094,259.2099914550781,258.1600036621094,258.71990966796875,543271,0.0,0.0,0.0,XLK
2025-07-22 14:30:00-04:00,258.7099914550781,259.2300109863281,258.69000244140625,259.0050048828125,661577,0.0,0.0,0.0,XLK
2025-07-22 15:30:00-04:00,259.0,259.2300109863281,258.7300109863281,258.7900085449219,1022975,0.0,0.0,0.0,XLK
2025-07-22 16:00:00-04:00,258.78,258.8417,257.701,258.04,0,0.0,0.0,0.0,XLK
2025-07-22 17:00:00-04:00,257.99,258.2,257.62,258.03,0,0.0,0.0,0.0,XLK
2025-07-22 18:00:00-04:00,257.99,258.05,257.71,257.75,0,0.0,0.0,0.0,XLK
2025-07-22 19:00:00-04:00,257.71,258.7,257.71,258.7,0,0.0,0.0,0.0,XLK
2025-07-23 04:00:00-04:00,258.79,259.04,258.79,258.94,0,0.0,0.0,0.0,XLK
2025-07-23 05:00:00-04:00,259.01,259.2,258.95,258.96,0,0.0,0.0,0.0,XLK
2025-07-23 06:00:00-04:00,258.96,259.24,258.9,259.01,0,0.0,0.0,0.0,XLK
2025-07-23 07:00:00-04:00,259.06,259.09,258.71,258.87,0,0.0,0.0,0.0,XLK
2025-07-23 08:00:00-04:00,259.0,259.3699,258.58,259.2,0,0.0,0.0,0.0,XLK
2025-07-23 09:00:00-04:00,259.14,259.33,258.81,259.12,0,0.0,0.0,0.0,XLK
2025-07-23 09:30:00-04:00,259.0,259.17999267578125,257.94000244140625,258.8299865722656,1097562,0.0,0.0,0.0,XLK
2025-07-23 10:30:00-04:00,258.8399963378906,259.25,258.2300109863281,259.139892578125,501070,0.0,0.0,0.0,XLK
2025-07-23 11:30:00-04:00,259.1400146484375,260.1099853515625,258.9049987792969,259.1936950683594,834278,0.0,0.0,0.0,XLK
2025-07-23 12:30:00-04:00,259.2099914550781,259.7900085449219,259.1499938964844,259.3800048828125,355227,0.0,0.0,0.0,XLK
2025-07-23 13:30:00-04:00,259.3699951171875,260.6300048828125,259.2200012207031,260.1499938964844,744191,0.0,0.0,0.0,XLK
2025-07-23 14:30:00-04:00,260.1650085449219,260.3599853515625,259.92999267578125,260.04998779296875,445427,0.0,0.0,0.0,XLK
2025-07-23 15:30:00-04:00,260.0400085449219,260.3800048828125,259.67999267578125,260.3699951171875,828767,0.0,0.0,0.0,XLK
2025-07-23 16:00:00-04:00,260.29,261.5,259.3986,261.33,0,0.0,0.0,0.0,XLK
2025-07-23 17:00:00-04:00,261.4799,261.5,260.81,261.15,0,0.0,0.0,0.0,XLK
2025-07-23 18:00:00-04:00,261.16,261.5,260.88,261.27,0,0.0,0.0,0.0,XLK
2025-07-23 19:00:00-04:00,261.3,261.4858,260.93,261.06,0,0.0,0.0,0.0,XLK
2025-07-24 04:00:00-04:00,260.97,261.0,260.95,261.0,0,0.0,0.0,0.0,XLK
2025-07-24 05:00:00-04:00,261.0,261.18,261.0,261.18,0,0.0,0.0,0.0,XLK
2025-07-24 06:00:00-04:00,261.18,261.18,260.9,260.93,0,0.0,0.0,0.0,XLK
2025-07-24 07:00:00-04:00,260.93,261.03,260.85,261.02,0,0.0,0.0,0.0,XLK
2025-07-24 08:00:00-04:00,261.02,261.25,260.29,260.87,0,0.0,0.0,0.0,XLK
2025-07-24 09:00:00-04:00,260.8101,260.83,260.29,260.77,0,0.0,0.0,0.0,XLK
2025-07-24 09:30:00-04:00,260.92498779296875,261.2799987792969,259.9200134277344,260.4200134277344,1348539,0.0,0.0,0.0,XLK
2025-07-24 10:30:00-04:00,260.42999267578125,261.3500061035156,260.3699951171875,261.1000061035156,740044,0.0,0.0,0.0,XLK
2025-07-24 11:30:00-04:00,261.1099853515625,261.3800048828125,260.80999755859375,261.04998779296875,837775,0.0,0.0,0.0,XLK
2025-07-24 12:30:00-04:00,261.0400085449219,261.7900085449219,260.8800048828125,261.4200134277344,631732,0.0,0.0,0.0,XLK
2025-07-24 13:30:00-04:00,261.4200134277344,261.8999938964844,261.3599853515625,261.6199951171875,463980,0.0,0.0,0.0,XLK
2025-07-24 14:30:00-04:00,261.6400146484375,261.69000244140625,261.1499938964844,261.5799865722656,787662,0.0,0.0,0.0,XLK
2025-07-24 15:30:00-04:00,261.57000732421875,261.635009765625,261.30999755859375,261.3699951171875,1027611,0.0,0.0,0.0,XLK
2025-07-24 16:00:00-04:00,261.39,261.54,261.09,261.54,0,0.0,0.0,0.0,XLK
2025-07-24 17:00:00-04:00,261.54,261.63,261.2901,261.51,0,0.0,0.0,0.0,XLK
2025-07-24 18:00:00-04:00,261.51,261.63,261.29,261.4,0,0.0,0.0,0.0,XLK
2025-07-24 19:00:00-04:00,261.4,261.63,261.3,261.3,0,0.0,0.0,0.0,XLK
2025-07-25 04:00:00-04:00,261.3,261.52,261.17,261.4,0,0.0,0.0,0.0,XLK
2025-07-25 05:00:00-04:00,261.34,261.44,261.3,261.42,0,0.0,0.0,0.0,XLK
2025-07-25 06:00:00-04:00,261.42,261.48,261.35,261.44,0,0.0,0.0,0.0,XLK
2025-07-25 07:00:00-04:00,261.44,261.59,261.36,261.36,0,0.0,0.0,0.0,XLK
2025-07-25 08:00:00-04:00,261.36,262.25,261.3114,261.43,0,0.0,0.0,0.0,XLK
2025-07-25 09:00:00-04:00,261.48,261.59,261.21,261.45,0,0.0,0.0,0.0,XLK
2025-07-25 09:30:00-04:00,261.30999755859375,262.05499267578125,260.7651062011719,262.0199890136719,985637,0.0,0.0,0.0,XLK
2025-07-25 10:30:00-04:00,262.0199890136719,262.2149963378906,261.7799987792969,261.989990234375,737789,0.0,0.0,0.0,XLK
2025-07-25 11:30:00-04:00,262.0,262.5899963378906,261.7300109863281,262.5299987792969,449930,0.0,0.0,0.0,XLK
2025-07-25 12:30:00-04:00,262.5199890136719,262.635009765625,262.2300109863281,262.31500244140625,295741,0.0,0.0,0.0,XLK
2025-07-25 13:30:00-04:00,262.32000732421875,262.6499938964844,262.2300109863281,262.4599914550781,316466,0.0,0.0,0.0,XLK
2025-07-25 14:30:00-04:00,262.4700012207031,262.590087890625,262.32000732421875,262.3399963378906,440142,0.0,0.0,0.0,XLK
2025-07-25 15:30:00-04:00,262.3399963378906,262.5199890136719,261.875,262.0299987792969,634393,0.0,0.0,0.0,XLK
2025-07-25 16:00:00-04:00,262.03,262.51,261.7,262.2481,0,0.0,0.0,0.0,XLK
2025-07-25 17:00:00-04:00,262.28,262.3,262.2,262.2496,0,0.0,0.0,0.0,XLK
2025-07-25 18:00:00-04:00,262.2496,262.2496,262.03,262.03,0,0.0,0.0,0.0,XLK
2025-07-25 19:00:00-04:00,262.03,262.93,262.03,262.93,0,0.0,0.0,0.0,XLK
2025-07-28 04:00:00-04:00,263.46,263.7,263.24,263.5,0,0.0,0.0,0.0,XLK
2025-07-28 05:00:00-04:00,263.6,263.6,263.45,263.45,0,0.0,0.0,0.0,XLK
2025-07-28 06:00:00-04:00,263.5,263.5,263.32,263.46,0,0.0,0.0,0.0,XLK
2025-07-28 07:00:00-04:00,263.3,263.32,262.79,263.08,0,0.0,0.0,0.0,XLK
2025-07-28 08:00:00-04:00,263.04,264.12,261.99,263.02,0,0.0,0.0,0.0,XLK
2025-07-28 09:00:00-04:00,263.02,263.424,261.99,262.97,0,0.0,0.0,0.0,XLK
2025-07-28 09:30:00-04:00,262.989990234375,263.8399963378906,262.7900085449219,263.3599853515625,1225327,0.0,0.0,0.0,XLK
2025-07-28 10:30:00-04:00,263.3599853515625,263.6499938964844,262.44500732421875,263.07000732421875,655290,0.0,0.0,0.0,XLK
2025-07-28 11:30:00-04:00,263.0799865722656,263.5,263.07501220703125,263.375,541638,0.0,0.0,0.0,XLK
2025-07-28 12:30:00-04:00,263.3699951171875,263.4162902832031,263.010009765625,263.17999267578125,561187,0.0,0.0,0.0,XLK
2025-07-28 13:30:00-04:00,263.17999267578125,263.6000061035156,263.17999267578125,263.44000244140625,735387,0.0,0.0,0.0,XLK
2025-07-28 14:30:00-04:00,263.4599914550781,263.69000244140625,263.1600036621094,263.6600036621094,919551,0.0,0.0,0.0,XLK
2025-07-28 15:30:00-04:00,263.6600036621094,264.1499938964844,263.5199890136719,264.1099853515625,872834,0.0,0.0,0.0,XLK
2025-07-28 16:00:00-04:00,264.08,264.61,263.94,264.39,0,0.0,0.0,0.0,XLK
2025-07-28 17:00:00-04:00,264.29,264.4,264.2801,264.4,0,0.0,0.0,0.0,XLK
2025-07-28 18:00:00-04:00,264.35,264.63,264.24,264.45,0,0.0,0.0,0.0,XLK
2025-07-28 19:00:00-04:00,264.36,264.61,264.33,264.57,0,0.0,0.0,0.0,XLK
2025-07-29 04:00:00-04:00,264.51,265.44,264.51,265.38,0,0.0,0.0,0.0,XLK
2025-07-29 05:00:00-04:00,265.41,265.48,265.33,265.39,0,0.0,0.0,0.0,XLK
2025-07-29 06:00:00-04:00,265.42,265.62,265.37,265.52,0,0.0,0.0,0.0,XLK
2025-07-29 07:00:00-04:00,265.6,265.71,265.5,265.69,0,0.0,0.0,0.0,XLK
2025-07-29 08:00:00-04:00,265.71,265.89,264.08,265.75,0,0.0,0.0,0.0,XLK
2025-07-29 09:00:00-04:00,265.73,265.89,264.08,265.62,0,0.0,0.0,0.0,XLK
2025-07-29 09:30:00-04:00,265.79998779296875,267.2699890136719,265.7049865722656,266.0400085449219,1721524,0.0,0.0,0.0,XLK
2025-07-29 10:30:00-04:00,266.04998779296875,266.2900085449219,263.9700012207031,264.04998779296875,956846,0.0,0.0,0.0,XLK
2025-07-29 11:30:00-04:00,264.0400085449219,265.04998779296875,263.6400146484375,264.2650146484375,887631,0.0,0.0,0.0,XLK
2025-07-29 12:30:00-04:00,264.25,264.9700012207031,263.8599853515625,264.7699890136719,453935,0.0,0.0,0.0,XLK
2025-07-29 13:30:00-04:00,264.7699890136719,264.864990234375,264.20001220703125,264.4700012207031,459398,0.0,0.0,0.0,XLK
2025-07-29 14:30:00-04:00,264.45001220703125,264.8500061035156,264.1199951171875,264.1400146484375,398808,0.0,0.0,0.0,XLK
2025-07-29 15:30:00-04:00,264.1549987792969,264.2200012207031,263.6600036621094,264.07000732421875,945919,0.0,0.0,0.0,XLK
2025-07-29 16:00:00-04:00,264.09,264.47,263.65,264.05,0,0.0,0.0,0.0,XLK
2025-07-29 17:00:00-04:00,264.16,264.44,263.99,264.368,0,0.0,0.0,0.0,XLK
2025-07-29 18:00:00-04:00,264.37,264.39,263.94,264.25,0,0.0,0.0,0.0,XLK
2025-07-29 19:00:00-04:00,264.28,264.39,264.0501,264.35,0,0.0,0.0,0.0,XLK
2025-07-30 04:00:00-04:00,264.57,264.74,264.41,264.41,0,0.0,0.0,0.0,XLK
2025-07-30 05:00:00-04:00,264.39,264.45,264.25,264.45,0,0.0,0.0,0.0,XLK
2025-07-30 06:00:00-04:00,264.45,264.54,264.29,264.54,0,0.0,0.0,0.0,XLK
2025-07-30 07:00:00-04:00,264.54,264.7,264.51,264.7,0,0.0,0.0,0.0,XLK
2025-07-30 08:00:00-04:00,264.7,264.85,264.09,264.42,0,0.0,0.0,0.0,XLK
2025-07-30 09:00:00-04:00,264.46,264.64,264.09,264.41,0,0.0,0.0,0.0,XLK
2025-07-30 09:30:00-04:00,264.3699951171875,265.05999755859375,263.79998779296875,264.79998779296875,1048475,0.0,0.0,0.0,XLK
2025-07-30 10:30:00-04:00,264.80999755859375,265.3500061035156,264.32000732421875,264.3999938964844,496779,0.0,0.0,0.0,XLK
2025-07-30 11:30:00-04:00,264.3999938964844,265.19390869140625,264.2401123046875,265.0,378048,0.0,0.0,0.0,XLK
2025-07-30 12:30:00-04:00,265.0,265.1669006347656,264.760009765625,265.0299987792969,501663,0.0,0.0,0.0,XLK
2025-07-30 13:30:00-04:00,265.0199890136719,265.2850036621094,264.6499938964844,265.260009765625,594482,0.0,0.0,0.0,XLK
2025-07-30 14:30:00-04:00,265.25,265.5799865722656,262.6000061035156,263.45001220703125,2073805,0.0,0.0,0.0,XLK
2025-07-30 15:30:00-04:00,263.45001220703125,264.75,263.260009765625,264.7200012207031,1573847,0.0,0.0,0.0,XLK
2025-07-30 16:00:00-04:00,264.68,268.0,264.6402,267.5,0,0.0,0.0,0.0,XLK
2025-07-30 17:00:00-04:00,267.6,268.2074,264.68,267.99,0,0.0,0.0,0.0,XLK
2025-07-30 18:00:00-04:00,267.999,268.68,267.9,268.62,0,0.0,0.0,0.0,XLK
2025-07-30 19:00:00-04:00,268.62,268.62,268.2,268.3,0,0.0,0.0,0.0,XLK
2025-07-31 04:00:00-04:00,269.1,269.23,267.86,268.81,0,0.0,0.0,0.0,XLK
2025-07-31 05:00:00-04:00,268.8,268.9,268.58,268.82,0,0.0,0.0,0.0,XLK
2025-07-31 06:00:00-04:00,268.6,268.63,268.52,268.56,0,0.0,0.0,0.0,XLK
2025-07-31 07:00:00-04:00,268.56,268.74,268.19,268.3,0,0.0,0.0,0.0,XLK
2025-07-31 08:00:00-04:00,268.26,269.3,264.68,268.51,0,0.0,0.0,0.0,XLK
2025-07-31 09:00:00-04:00,268.49,268.926,264.68,268.7,0,0.0,0.0,0.0,XLK
2025-07-31 09:30:00-04:00,268.010009765625,268.010009765625,265.32000732421875,266.0400085449219,1723691,0.0,0.0,0.0,XLK
2025-07-31 10:30:00-04:00,266.05999755859375,266.3999938964844,264.2099914550781,264.841796875,1003963,0.0,0.0,0.0,XLK
2025-07-31 11:30:00-04:00,264.8500061035156,265.75,264.80999755859375,265.6199951171875,518315,0.0,0.0,0.0,XLK
2025-07-31 12:30:00-04:00,265.6199951171875,265.75,263.4800109863281,263.70001220703125,622523,0.0,0.0,0.0,XLK
2025-07-31 13:30:00-04:00,263.69000244140625,264.19000244140625,261.4599914550781,262.99951171875,1060148,0.0,0.0,0.0,XLK
2025-07-31 14:30:00-04:00,262.95001220703125,263.739990234375,262.6499938964844,262.7300109863281,877551,0.0,0.0,0.0,XLK
2025-07-31 15:30:00-04:00,262.7200012207031,263.1700134277344,261.94000244140625,262.5,1568219,0.0,0.0,0.0,XLK
2025-07-31 16:00:00-04:00,262.74,263.56,262.46,262.6,0,0.0,0.0,0.0,XLK
2025-07-31 17:00:00-04:00,262.99,263.55,262.602,263.0999,0,0.0,0.0,0.0,XLK
2025-07-31 18:00:00-04:00,263.07,263.54,262.57,262.82,0,0.0,0.0,0.0,XLK
2025-07-31 19:00:00-04:00,262.6,263.25,262.49,263.131,0,0.0,0.0,0.0,XLK
2025-08-01 04:00:00-04:00,261.74,261.74,260.41,260.45,0,0.0,0.0,0.0,XLK
2025-08-01 05:00:00-04:00,260.48,261.36,260.22,261.0,0,0.0,0.0,0.0,XLK
2025-08-01 06:00:00-04:00,260.82,261.22,260.59,260.8,0,0.0,0.0,0.0,XLK
2025-08-01 07:00:00-04:00,260.55,260.71,260.0,260.67,0,0.0,0.0,0.0,XLK
2025-08-01 08:00:00-04:00,260.64,263.78,260.1,260.96,0,0.0,0.0,0.0,XLK
2025-08-01 09:00:00-04:00,260.71,262.74,259.98,259.98,0,0.0,0.0,0.0,XLK
2025-08-01 09:30:00-04:00,259.8800048828125,259.9700012207031,255.77999877929688,258.2799987792969,2279649,0.0,0.0,0.0,XLK
2025-08-01 10:30:00-04:00,258.239990234375,259.010009765625,257.20001220703125,257.260009765625,1382708,0.0,0.0,0.0,XLK
2025-08-01 11:30:00-04:00,257.25,259.3299865722656,257.19000244140625,258.79998779296875,1059967,0.0,0.0,0.0,XLK
2025-08-01 12:30:00-04:00,258.79998779296875,258.8800048828125,256.4200134277344,256.5799865722656,1199499,0.0,0.0,0.0,XLK
2025-08-01 13:30:00-04:00,256.57000732421875,257.30999755859375,255.8699951171875,257.239990234375,1148760,0.0,0.0,0.0,XLK
2025-08-01 14:30:00-04:00,257.2300109863281,257.9700012207031,256.7300109863281,257.1499938964844,1001804,0.0,0.0,0.0,XLK
2025-08-01 15:30:00-04:00,257.1400146484375,257.9100036621094,256.6099853515625,257.0799865722656,1464061,0.0,0.0,0.0,XLK
2025-08-01 16:00:00-04:00,257.06,257.57,257.0,257.0,0,0.0,0.0,0.0,XLK
2025-08-01 17:00:00-04:00,257.16,257.25,249.5129,257.16,0,0.0,0.0,0.0,XLK
2025-08-01 18:00:00-04:00,257.01,257.36,257.0001,257.24,0,0.0,0.0,0.0,XLK
2025-08-01 19:00:00-04:00,257.19,257.33,256.5,256.75,0,0.0,0.0,0.0,XLK
2025-08-04 04:00:00-04:00,258.56,260.1,258.56,259.11,0,0.0,0.0,0.0,XLK
2025-08-04 05:00:00-04:00,259.13,259.53,259.05,259.39,0,0.0,0.0,0.0,XLK
2025-08-04 06:00:00-04:00,259.39,259.54,259.36,259.48,0,0.0,0.0,0.0,XLK
2025-08-04 07:00:00-04:00,259.49,259.53,259.09,259.18,0,0.0,0.0,0.0,XLK
2025-08-04 08:00:00-04:00,259.36,259.63,257.07,259.41,0,0.0,0.0,0.0,XLK
2025-08-04 09:00:00-04:00,259.41,259.76,257.07,259.48,0,0.0,0.0,0.0,XLK
2025-08-04 09:30:00-04:00,259.489990234375,261.9200134277344,259.489990234375,261.75,1187875,0.0,0.0,0.0,XLK
2025-08-04 10:30:00-04:00,261.7699890136719,262.07000732421875,261.1099853515625,261.3699951171875,823939,0.0,0.0,0.0,XLK
2025-08-04 11:30:00-04:00,261.3599853515625,262.1600036621094,261.07000732421875,261.9800109863281,813238,0.0,0.0,0.0,XLK
2025-08-04 12:30:00-04:00,261.9700012207031,262.3299865722656,261.8900146484375,262.25,649590,0.0,0.0,0.0,XLK
2025-08-04 13:30:00-04:00,262.260009765625,262.3399963378906,261.7099914550781,261.9100036621094,436249,0.0,0.0,0.0,XLK
2025-08-04 14:30:00-04:00,261.9549865722656,262.1300048828125,261.5899963378906,261.6650085449219,580792,0.0,0.0,0.0,XLK
2025-08-04 15:30:00-04:00,261.6700134277344,262.2799987792969,261.43499755859375,262.25,1189241,0.0,0.0,0.0,XLK
2025-08-04 16:00:00-04:00,262.29,263.4,261.7523,263.22,0,0.0,0.0,0.0,XLK
2025-08-04 17:00:00-04:00,263.16,263.48,263.01,263.48,0,0.0,0.0,0.0,XLK
2025-08-04 18:00:00-04:00,263.3,263.4,261.7523,263.14,0,0.0,0.0,0.0,XLK
2025-08-04 19:00:00-04:00,263.35,263.8,263.12,263.47,0,0.0,0.0,0.0,XLK
2025-08-05 04:00:00-04:00,263.47,263.53,263.08,263.36,0,0.0,0.0,0.0,XLK
2025-08-05 05:00:00-04:00,263.38,263.41,263.21,263.21,0,0.0,0.0,0.0,XLK
2025-08-05 06:00:00-04:00,263.33,263.83,263.33,263.81,0,0.0,0.0,0.0,XLK
2025-08-05 07:00:00-04:00,263.81,264.15,263.79,264.08,0,0.0,0.0,0.0,XLK
2025-08-05 08:00:00-04:00,263.96,264.29,262.29,263.79,0,0.0,0.0,0.0,XLK
2025-08-05 09:00:00-04:00,263.63,263.97,263.39,263.59,0,0.0,0.0,0.0,XLK
2025-08-05 09:30:00-04:00,263.260009765625,263.489990234375,261.4649963378906,261.8399963378906,1030289,0.0,0.0,0.0,XLK
2025-08-05 10:30:00-04:00,261.8500061035156,261.8699951171875,259.5150146484375,260.239990234375,950549,0.0,0.0,0.0,XLK
2025-08-05 11:30:00-04:00,260.2200012207031,261.1499938964844,259.55999755859375,260.92999267578125,667254,0.0,0.0,0.0,XLK
2025-08-05 12:30:00-04:00,260.8999938964844,261.2099914550781,260.0299987792969,261.0,677267,0.0,0.0,0.0,XLK
2025-08-05 13:30:00-04:00,260.9700012207031,261.7099914550781,260.79998779296875,260.8399963378906,516054,0.0,0.0,0.0,XLK
2025-08-05 14:30:00-04:00,260.8500061035156,260.9700012207031,259.9200134277344,260.7099914550781,666042,0.0,0.0,0.0,XLK
2025-08-05 15:30:00-04:00,260.7200012207031,260.7799987792969,259.989990234375,260.1499938964844,772755,0.0,0.0,0.0,XLK
2025-08-05 16:00:00-04:00,260.12,261.2785,259.66,259.87,0,0.0,0.0,0.0,XLK
2025-08-05 17:00:00-04:00,259.97,260.92,259.4,260.79,0,0.0,0.0,0.0,XLK
2025-08-05 18:00:00-04:00,259.64,260.2,259.049,259.86,0,0.0,0.0,0.0,XLK
2025-08-05 19:00:00-04:00,259.86,259.92,259.317,259.7,0,0.0,0.0,0.0,XLK
2025-08-06 04:00:00-04:00,259.72,261.61,259.72,261.29,0,0.0,0.0,0.0,XLK
2025-08-06 05:00:00-04:00,261.11,261.12,260.46,260.53,0,0.0,0.0,0.0,XLK
2025-08-06 06:00:00-04:00,260.6,260.6,260.2,260.46,0,0.0,0.0,0.0,XLK
2025-08-06 07:00:00-04:00,260.45,260.52,259.92,260.39,0,0.0,0.0,0.0,XLK
2025-08-06 08:00:00-04:00,260.47,261.48,259.9,260.19,0,0.0,0.0,0.0,XLK
2025-08-06 09:00:00-04:00,260.14,260.8199,260.12,260.56,0,0.0,0.0,0.0,XLK
2025-08-06 09:30:00-04:00,260.3699951171875,261.8699951171875,260.20001220703125,260.7699890136719,1095921,0.0,0.0,0.0,XLK
2025-08-06 10:30:00-04:00,260.760009765625,262.0849914550781,260.4849853515625,262.0,539483,0.0,0.0,0.0,XLK
2025-08-06 11:30:00-04:00,262.0,262.7099914550781,261.70001220703125,262.25,673157,0.0,0.0,0.0,XLK
2025-08-06 12:30:00-04:00,262.260009765625,262.5400085449219,261.8999938964844,262.44500732421875,532010,0.0,0.0,0.0,XLK
2025-08-06 13:30:00-04:00,262.4549865722656,263.0199890136719,262.1700134277344,262.9700012207031,499567,0.0,0.0,0.0,XLK
2025-08-06 14:30:00-04:00,262.9599914550781,263.2799987792969,262.8500061035156,263.1300048828125,633125,0.0,0.0,0.0,XLK
2025-08-06 15:30:00-04:00,263.1199951171875,263.3900146484375,262.8399963378906,263.1099853515625,847551,0.0,0.0,0.0,XLK
2025-08-06 16:00:00-04:00,263.1,264.8697,262.14,263.06,0,0.0,0.0,0.0,XLK
2025-08-06 17:00:00-04:00,263.0,263.5,262.12,263.5,0,0.0,0.0,0.0,XLK
2025-08-06 18:00:00-04:00,263.17,264.31,263.08,263.89,0,0.0,0.0,0.0,XLK
2025-08-06 19:00:00-04:00,263.89,264.41,263.89,264.4099,0,0.0,0.0,0.0,XLK
2025-08-07 04:00:00-04:00,264.81,265.31,264.65,265.31,0,0.0,0.0,0.0,XLK
2025-08-07 05:00:00-04:00,265.34,265.34,265.07,265.25,0,0.0,0.0,0.0,XLK
2025-08-07 06:00:00-04:00,265.53,266.23,265.53,265.97,0,0.0,0.0,0.0,XLK
2025-08-07 07:00:00-04:00,265.95,266.25,265.71,265.97,0,0.0,0.0,0.0,XLK
2025-08-07 08:00:00-04:00,266.0,266.2783,263.05,265.75,0,0.0,0.0,0.0,XLK
2025-08-07 09:00:00-04:00,266.0,266.05,263.05,265.87,0,0.0,0.0,0.0,XLK
2025-08-07 09:30:00-04:00,265.9800109863281,266.4100036621094,264.48638916015625,264.8900146484375,1090805,0.0,0.0,0.0,XLK
2025-08-07 10:30:00-04:00,264.8999938964844,265.17999267578125,263.8999938964844,264.0400085449219,626450,0.0,0.0,0.0,XLK
2025-08-07 11:30:00-04:00,264.0899963378906,264.32000732421875,263.1499938964844,263.4100036621094,709498,0.0,0.0,0.0,XLK
2025-08-07 12:30:00-04:00,263.3999938964844,263.5,261.8699951171875,262.1000061035156,654415,0.0,0.0,0.0,XLK
2025-08-07 13:30:00-04:00,262.1000061035156,262.45001220703125,261.1000061035156,261.6300048828125,519989,0.0,0.0,0.0,XLK
2025-08-07 14:30:00-04:00,261.614990234375,262.45001220703125,261.32000732421875,262.04998779296875,664084,0.0,0.0,0.0,XLK
2025-08-07 15:30:00-04:00,262.05999755859375,263.3399963378906,262.0299987792969,263.3299865722656,797934,0.0,0.0,0.0,XLK
2025-08-07 16:00:00-04:00,263.29,263.79,263.18,263.5,0,0.0,0.0,0.0,XLK
2025-08-07 17:00:00-04:00,263.67,263.67,263.5,263.58,0,0.0,0.0,0.0,XLK
2025-08-07 18:00:00-04:00,263.58,264.12,263.58,264.0,0,0.0,0.0,0.0,XLK
2025-08-07 19:00:00-04:00,264.0,264.0,263.8,263.95,0,0.0,0.0,0.0,XLK
2025-08-08 04:00:00-04:00,263.74,264.16,263.71,264.16,0,0.0,0.0,0.0,XLK
2025-08-08 05:00:00-04:00,264.16,264.68,264.08,264.45,0,0.0,0.0,0.0,XLK
2025-08-08 06:00:00-04:00,264.48,264.59,264.34,264.56,0,0.0,0.0,0.0,XLK
2025-08-08 07:00:00-04:00,264.48,264.62,264.33,264.53,0,0.0,0.0,0.0,XLK
2025-08-08 08:00:00-04:00,264.53,264.74,263.29,264.05,0,0.0,0.0,0.0,XLK
2025-08-08 09:00:00-04:00,264.06,264.19,263.29,264.02,0,0.0,0.0,0.0,XLK
2025-08-08 09:30:00-04:00,264.2799987792969,265.198486328125,263.5899963378906,265.1000061035156,1037763,0.0,0.0,0.0,XLK
2025-08-08 10:30:00-04:00,265.1000061035156,265.4407043457031,264.7200012207031,265.0400085449219,582597,0.0,0.0,0.0,XLK
2025-08-08 11:30:00-04:00,265.0299987792969,265.6549987792969,264.3900146484375,265.510009765625,823516,0.0,0.0,0.0,XLK
2025-08-08 12:30:00-04:00,265.5199890136719,265.69000244140625,265.1000061035156,265.1700134277344,648089,0.0,0.0,0.0,XLK
2025-08-08 13:30:00-04:00,265.1700134277344,266.2200012207031,265.1400146484375,265.75,516206,0.0,0.0,0.0,XLK
2025-08-08 14:30:00-04:00,265.760009765625,266.0199890136719,265.7200012207031,265.7449951171875,390229,0.0,0.0,0.0,XLK
2025-08-08 15:30:00-04:00,265.739990234375,265.95001220703125,265.30499267578125,265.8800048828125,1221112,0.0,0.0,0.0,XLK
2025-08-08 16:00:00-04:00,265.91,266.45,265.84,266.37,0,0.0,0.0,0.0,XLK
2025-08-08 17:00:00-04:00,266.74,266.74,266.13,266.27,0,0.0,0.0,0.0,XLK
2025-08-08 18:00:00-04:00,266.13,266.48,266.13,266.47,0,0.0,0.0,0.0,XLK
2025-08-08 19:00:00-04:00,266.424,266.46,266.1,266.43,0,0.0,0.0,0.0,XLK
2025-08-11 04:00:00-04:00,266.45,266.45,264.9,264.97,0,0.0,0.0,0.0,XLK
2025-08-11 05:00:00-04:00,265.22,265.51,265.18,265.51,0,0.0,0.0,0.0,XLK
2025-08-11 06:00:00-04:00,265.63,265.69,265.6,265.67,0,0.0,0.0,0.0,XLK
2025-08-11 07:00:00-04:00,265.73,265.93,265.43,265.71,0,0.0,0.0,0.0,XLK
2025-08-11 08:00:00-04:00,265.66,266.53,265.01,266.0,0,0.0,0.0,0.0,XLK
2025-08-11 09:00:00-04:00,266.0,266.0,264.24,265.86,0,0.0,0.0,0.0,XLK
2025-08-11 09:30:00-04:00,265.75,266.95001220703125,264.9800109863281,266.55999755859375,986255,0.0,0.0,0.0,XLK
2025-08-11 10:30:00-04:00,266.5899963378906,266.7300109863281,265.8974914550781,266.1199951171875,490042,0.0,0.0,0.0,XLK
2025-08-11 11:30:00-04:00,266.1199951171875,266.8999938964844,265.8599853515625,266.57000732421875,449012,0.0,0.0,0.0,XLK
2025-08-11 12:30:00-04:00,266.5799865722656,266.6000061035156,265.79998779296875,265.8500061035156,340310,0.0,0.0,0.0,XLK
2025-08-11 13:30:00-04:00,265.8599853515625,266.0150146484375,264.9501037597656,265.0799865722656,568392,0.0,0.0,0.0,XLK
2025-08-11 14:30:00-04:00,265.0899963378906,265.30999755859375,264.4700012207031,264.5400085449219,494392,0.0,0.0,0.0,XLK
2025-08-11 15:30:00-04:00,264.5299987792969,264.5950012207031,263.510009765625,264.2200012207031,1124478,0.0,0.0,0.0,XLK
2025-08-11 16:00:00-04:00,264.12,265.7938,263.95,264.16,0,0.0,0.0,0.0,XLK
2025-08-11 17:00:00-04:00,264.2,264.65,264.17,264.23,0,0.0,0.0,0.0,XLK
2025-08-11 18:00:00-04:00,264.24,264.44,264.06,264.18,0,0.0,0.0,0.0,XLK
2025-08-11 19:00:00-04:00,264.21,264.44,264.13,264.41,0,0.0,0.0,0.0,XLK
2025-08-12 04:00:00-04:00,264.7,264.7,264.42,264.42,0,0.0,0.0,0.0,XLK
2025-08-12 05:00:00-04:00,264.42,264.42,264.21,264.35,0,0.0,0.0,0.0,XLK
2025-08-12 06:00:00-04:00,264.32,264.53,264.14,264.33,0,0.0,0.0,0.0,XLK
2025-08-12 07:00:00-04:00,264.24,264.39,263.9,263.98,0,0.0,0.0,0.0,XLK
2025-08-12 08:00:00-04:00,263.98,264.79,263.81,264.55,0,0.0,0.0,0.0,XLK
2025-08-12 09:00:00-04:00,264.88,266.49,264.12,265.36,0,0.0,0.0,0.0,XLK
2025-08-12 09:30:00-04:00,265.44000244140625,266.17999267578125,263.9700012207031,265.8299865722656,1046120,0.0,0.0,0.0,XLK
2025-08-12 10:30:00-04:00,265.8800048828125,267.1650085449219,265.54998779296875,266.7200012207031,1028895,0.0,0.0,0.0,XLK
2025-08-12 11:30:00-04:00,266.7799987792969,267.32000732421875,266.6000061035156,267.2650146484375,771675,0.0,0.0,0.0,XLK
2025-08-12 12:30:00-04:00,267.2699890136719,267.6199951171875,267.1000061035156,267.32000732421875,573670,0.0,0.0,0.0,XLK
2025-08-12 13:30:00-04:00,267.32000732421875,268.2159118652344,267.2699890136719,267.8999938964844,577732,0.0,0.0,0.0,XLK
2025-08-12 14:30:00-04:00,267.92999267578125,268.0199890136719,267.6700134277344,268.0,417589,0.0,0.0,0.0,XLK
2025-08-12 15:30:00-04:00,267.989990234375,268.2799987792969,267.739990234375,268.2099914550781,1005290,0.0,0.0,0.0,XLK
2025-08-12 16:00:00-04:00,268.21,268.3,267.8,268.2,0,0.0,0.0,0.0,XLK
2025-08-12 17:00:00-04:00,268.34,268.34,267.77,268.03,0,0.0,0.0,0.0,XLK
2025-08-12 18:00:00-04:00,268.011,268.19,268.0,268.19,0,0.0,0.0,0.0,XLK
2025-08-12 19:00:00-04:00,268.18,268.34,267.9,268.34,0,0.0,0.0,0.0,XLK
2025-08-13 04:00:00-04:00,268.5,268.99,268.5,268.99,0,0.0,0.0,0.0,XLK
2025-08-13 05:00:00-04:00,268.99,269.16,268.8,268.85,0,0.0,0.0,0.0,XLK
2025-08-13 06:00:00-04:00,268.85,269.09,268.81,268.98,0,0.0,0.0,0.0,XLK
2025-08-13 07:00:00-04:00,269.01,269.01,268.7,268.91,0,0.0,0.0,0.0,XLK
2025-08-13 08:00:00-04:00,268.94,269.17,268.21,269.05,0,0.0,0.0,0.0,XLK
2025-08-13 09:00:00-04:00,269.1799,269.43,269.05,269.32,0,0.0,0.0,0.0,XLK
2025-08-13 09:30:00-04:00,269.760009765625,270.0498962402344,268.55999755859375,268.7099914550781,1729842,0.0,0.0,0.0,XLK
2025-08-13 10:30:00-04:00,268.7099914550781,269.07000732421875,267.5199890136719,267.95001220703125,1050765,0.0,0.0,0.0,XLK
2025-08-13 11:30:00-04:00,267.9599914550781,268.5050048828125,267.7300109863281,267.95001220703125,687177,0.0,0.0,0.0,XLK
2025-08-13 12:30:00-04:00,267.9599914550781,268.1000061035156,267.32501220703125,268.1000061035156,655655,0.0,0.0,0.0,XLK
2025-08-13 13:30:00-04:00,268.1099853515625,268.5400085449219,267.4700012207031,268.07000732421875,871172,0.0,0.0,0.0,XLK
2025-08-13 14:30:00-04:00,268.0799865722656,268.3840026855469,267.6499938964844,268.1300048828125,860511,0.0,0.0,0.0,XLK
2025-08-13 15:30:00-04:00,268.1400146484375,268.42999267578125,267.75,268.30999755859375,935296,0.0,0.0,0.0,XLK
2025-08-13 16:00:00-04:00,268.31,268.76,267.7,268.19,0,0.0,0.0,0.0,XLK
2025-08-13 17:00:00-04:00,268.18,268.3739,268.07,268.3739,0,0.0,0.0,0.0,XLK
2025-08-13 18:00:00-04:00,268.0,268.4,268.0,268.16,0,0.0,0.0,0.0,XLK
2025-08-13 19:00:00-04:00,268.55,268.55,268.16,268.26,0,0.0,0.0,0.0,XLK
2025-08-14 04:00:00-04:00,268.48,268.48,268.14,268.33,0,0.0,0.0,0.0,XLK
2025-08-14 05:00:00-04:00,268.2,268.2,267.95,268.2,0,0.0,0.0,0.0,XLK
2025-08-14 06:00:00-04:00,268.27,268.27,268.02,268.1,0,0.0,0.0,0.0,XLK
2025-08-14 07:00:00-04:00,268.1,268.37,268.041,268.37,0,0.0,0.0,0.0,XLK
2025-08-14 08:00:00-04:00,268.36,268.57,267.99,268.48,0,0.0,0.0,0.0,XLK
2025-08-14 09:00:00-04:00,268.32,268.32,266.22,266.8,0,0.0,0.0,0.0,XLK
2025-08-14 09:30:00-04:00,266.95001220703125,268.32000732421875,266.489990234375,268.07000732421875,1478227,0.0,0.0,0.0,XLK
2025-08-14 10:30:00-04:00,268.0799865722656,268.6499938964844,266.7900085449219,267.05999755859375,958361,0.0,0.0,0.0,XLK
2025-08-14 11:30:00-04:00,267.0299987792969,267.5400085449219,266.3599853515625,266.79998779296875,2264695,0.0,0.0,0.0,XLK
2025-08-14 12:30:00-04:00,266.7900085449219,267.9049987792969,266.7900085449219,267.87579345703125,737799,0.0,0.0,0.0,XLK
2025-08-14 13:30:00-04:00,267.875,267.875,266.9100036621094,266.9700012207031,521612,0.0,0.0,0.0,XLK
2025-08-14 14:30:00-04:00,266.9599914550781,267.6400146484375,266.9200134277344,267.45001220703125,641220,0.0,0.0,0.0,XLK
2025-08-14 15:30:00-04:00,267.45001220703125,268.17999267578125,267.3999938964844,267.7099914550781,965041,0.0,0.0,0.0,XLK
2025-08-14 16:00:00-04:00,267.73,267.7852,266.63,266.753,0,0.0,0.0,0.0,XLK
2025-08-14 17:00:00-04:00,266.94,267.73,266.6493,267.04,0,0.0,0.0,0.0,XLK
2025-08-14 18:00:00-04:00,266.76,267.34,266.76,267.34,0,0.0,0.0,0.0,XLK
2025-08-14 19:00:00-04:00,266.727,267.07,266.727,267.06,0,0.0,0.0,0.0,XLK
2025-08-15 04:00:00-04:00,267.76,268.01,267.6,267.6,0,0.0,0.0,0.0,XLK
2025-08-15 05:00:00-04:00,267.64,267.65,266.98,267.0,0,0.0,0.0,0.0,XLK
2025-08-15 06:00:00-04:00,267.04,267.13,266.87,267.13,0,0.0,0.0,0.0,XLK
2025-08-15 07:00:00-04:00,267.21,267.48,267.17,267.4,0,0.0,0.0,0.0,XLK
2025-08-15 08:00:00-04:00,267.3,268.0488,266.9,266.9,0,0.0,0.0,0.0,XLK
2025-08-15 09:00:00-04:00,266.97,267.73,266.84,266.92,0,0.0,0.0,0.0,XLK
2025-08-15 09:30:00-04:00,267.3699951171875,267.3699951171875,264.6400146484375,265.8699951171875,1674885,0.0,0.0,0.0,XLK
2025-08-15 10:30:00-04:00,265.8500061035156,266.0199890136719,265.0799865722656,265.7300109863281,1049831,0.0,0.0,0.0,XLK
2025-08-15 11:30:00-04:00,265.739990234375,266.0400085449219,264.94000244140625,265.19000244140625,868588,0.0,0.0,0.0,XLK
2025-08-15 12:30:00-04:00,265.20001220703125,265.7900085449219,265.1199951171875,265.6000061035156,512213,0.0,0.0,0.0,XLK
2025-08-15 13:30:00-04:00,265.6300048828125,266.17999267578125,265.6000061035156,265.8900146484375,641162,0.0,0.0,0.0,XLK
2025-08-15 14:30:00-04:00,265.8800048828125,265.9700012207031,265.2699890136719,265.8500061035156,715660,0.0,0.0,0.0,XLK
2025-08-15 15:30:00-04:00,265.8699951171875,266.0899963378906,265.6099853515625,265.7200012207031,1029325,0.0,0.0,0.0,XLK
2025-08-15 16:00:00-04:00,265.7,265.7332,249.5129,265.62,0,0.0,0.0,0.0,XLK
2025-08-15 17:00:00-04:00,265.7,265.76,265.46,265.72,0,0.0,0.0,0.0,XLK
2025-08-15 18:00:00-04:00,265.71,266.18,265.7,265.71,0,0.0,0.0,0.0,XLK
2025-08-15 19:00:00-04:00,265.71,265.97,265.7001,265.82,0,0.0,0.0,0.0,XLK
2025-08-18 04:00:00-04:00,266.01,266.01,265.13,265.13,0,0.0,0.0,0.0,XLK
2025-08-18 05:00:00-04:00,265.4,265.7,264.98,265.17,0,0.0,0.0,0.0,XLK
2025-08-18 06:00:00-04:00,265.23,265.32,265.13,265.3,0,0.0,0.0,0.0,XLK
2025-08-18 07:00:00-04:00,265.3,265.56,265.22,265.22,0,0.0,0.0,0.0,XLK
2025-08-18 08:00:00-04:00,265.31,266.01,265.06,265.3,0,0.0,0.0,0.0,XLK
2025-08-18 09:00:00-04:00,265.3,265.7,265.08,265.36,0,0.0,0.0,0.0,XLK
2025-08-18 09:30:00-04:00,265.8800048828125,266.4599914550781,265.3500061035156,265.6700134277344,1084895,0.0,0.0,0.0,XLK
2025-08-18 10:30:00-04:00,265.6400146484375,265.8900146484375,265.1499938964844,265.3299865722656,1040415,0.0,0.0,0.0,XLK
2025-08-18 11:30:00-04:00,265.3349914550781,265.79998779296875,265.2099914550781,265.6499938964844,686099,0.0,0.0,0.0,XLK
2025-08-18 12:30:00-04:00,265.6300048828125,265.8086853027344,265.1099853515625,265.6549987792969,550040,0.0,0.0,0.0,XLK
2025-08-18 13:30:00-04:00,265.6600036621094,266.0000915527344,265.3800048828125,265.8800048828125,682124,0.0,0.0,0.0,XLK
2025-08-18 14:30:00-04:00,265.8900146484375,266.32000732421875,265.8399963378906,265.9800109863281,728521,0.0,0.0,0.0,XLK
2025-08-18 15:30:00-04:00,265.9800109863281,266.5050048828125,265.9100036621094,266.2850036621094,1091048,0.0,0.0,0.0,XLK
2025-08-18 16:00:00-04:00,266.27,266.56,265.6801,266.3,0,0.0,0.0,0.0,XLK
2025-08-18 17:00:00-04:00,266.2,266.7,266.2,266.34,0,0.0,0.0,0.0,XLK
2025-08-18 18:00:00-04:00,266.3,266.51,266.3,266.32,0,0.0,0.0,0.0,XLK
2025-08-18 19:00:00-04:00,266.5,266.51,266.36,266.5083,0,0.0,0.0,0.0,XLK
2025-08-19 04:00:00-04:00,266.18,266.18,265.8,266.06,0,0.0,0.0,0.0,XLK
2025-08-19 05:00:00-04:00,266.06,266.57,266.06,266.57,0,0.0,0.0,0.0,XLK
2025-08-19 06:00:00-04:00,266.54,266.54,266.28,266.32,0,0.0,0.0,0.0,XLK
2025-08-19 07:00:00-04:00,266.36,266.36,266.15,266.21,0,0.0,0.0,0.0,XLK
2025-08-19 08:00:00-04:00,266.16,266.566,265.75,266.3,0,0.0,0.0,0.0,XLK
2025-08-19 09:00:00-04:00,266.0932,266.35,265.83,265.85,0,0.0,0.0,0.0,XLK
2025-08-19 09:30:00-04:00,266.1700134277344,266.2300109863281,264.30999755859375,264.3349914550781,1463435,0.0,0.0,0.0,XLK
2025-08-19 10:30:00-04:00,264.3500061035156,264.760009765625,262.8500061035156,263.739990234375,1356408,0.0,0.0,0.0,XLK
2025-08-19 11:30:00-04:00,263.7300109863281,263.8599853515625,262.8299865722656,263.0,865014,0.0,0.0,0.0,XLK
2025-08-19 12:30:00-04:00,262.989990234375,263.0899963378906,261.510009765625,262.239990234375,1570632,0.0,0.0,0.0,XLK
2025-08-19 13:30:00-04:00,262.2300109863281,262.5400085449219,261.8299865722656,261.9100036621094,634944,0.0,0.0,0.0,XLK
2025-08-19 14:30:00-04:00,261.8900146484375,261.95001220703125,261.1300048828125,261.7099914550781,914402,0.0,0.0,0.0,XLK
2025-08-19 15:30:00-04:00,261.7300109863281,261.8800048828125,261.25,261.6499938964844,1306253,0.0,0.0,0.0,XLK
2025-08-19 16:00:00-04:00,261.62,262.4,261.3613,261.69,0,0.0,0.0,0.0,XLK
2025-08-19 17:00:00-04:00,261.65,261.98,261.24,261.3,0,0.0,0.0,0.0,XLK
2025-08-19 18:00:00-04:00,261.27,261.97,261.1,261.799,0,0.0,0.0,0.0,XLK
2025-08-19 19:00:00-04:00,261.56,261.56,260.69,260.7046,0,0.0,0.0,0.0,XLK
2025-08-20 04:00:00-04:00,260.75,260.76,260.5,260.5,0,0.0,0.0,0.0,XLK
2025-08-20 05:00:00-04:00,260.5,261.05,260.5,261.0,0,0.0,0.0,0.0,XLK
2025-08-20 06:00:00-04:00,261.0,261.03,261.0,261.03,0,0.0,0.0,0.0,XLK
2025-08-20 07:00:00-04:00,261.03,261.42,260.71,260.71,0,0.0,0.0,0.0,XLK
2025-08-20 08:00:00-04:00,260.72,261.62,260.01,260.99,0,0.0,0.0,0.0,XLK
2025-08-20 09:00:00-04:00,261.0,261.62,260.82,260.95,0,0.0,0.0,0.0,XLK
2025-08-20 09:30:00-04:00,260.0400085449219,260.9599914550781,255.91000366210938,256.6099853515625,2625004,0.0,0.0,0.0,XLK
2025-08-20 10:30:00-04:00,256.6099853515625,258.510009765625,255.83999633789062,258.489990234375,1888382,0.0,0.0,0.0,XLK
2025-08-20 11:30:00-04:00,258.4750061035156,259.31500244140625,257.4100036621094,259.2749938964844,1611321,0.0,0.0,0.0,XLK
2025-08-20 12:30:00-04:00,259.2749938964844,259.2900085449219,258.1700134277344,258.67498779296875,1297653,0.0,0.0,0.0,XLK
2025-08-20 13:30:00-04:00,258.67999267578125,259.6000061035156,257.95001220703125,258.20001220703125,1103416,0.0,0.0,0.0,XLK
2025-08-20 14:30:00-04:00,258.20001220703125,260.0299987792969,258.1700134277344,259.760009765625,1448372,0.0,0.0,0.0,XLK
2025-08-20 15:30:00-04:00,259.7200012207031,260.3299865722656,259.6400146484375,259.8800048828125,1067051,0.0,0.0,0.0,XLK
2025-08-20 16:00:00-04:00,259.85,260.03,258.374,260.0099,0,0.0,0.0,0.0,XLK
2025-08-20 17:00:00-04:00,260.0099,260.27,259.86,260.21,0,0.0,0.0,0.0,XLK
2025-08-20 18:00:00-04:00,260.21,260.2899,259.7635,260.04,0,0.0,0.0,0.0,XLK
2025-08-20 19:00:00-04:00,260.04,260.25,260.0,260.01,0,0.0,0.0,0.0,XLK
2025-08-21 04:00:00-04:00,260.24,260.51,259.95,260.05,0,0.0,0.0,0.0,XLK
2025-08-21 05:00:00-04:00,260.05,260.23,259.74,260.16,0,0.0,0.0,0.0,XLK
2025-08-21 06:00:00-04:00,260.16,260.26,259.63,259.63,0,0.0,0.0,0.0,XLK
2025-08-21 07:00:00-04:00,259.63,260.1,259.63,260.0,0,0.0,0.0,0.0,XLK
2025-08-21 08:00:00-04:00,260.03,260.5,258.9372,259.24,0,0.0,0.0,0.0,XLK
2025-08-21 09:00:00-04:00,259.24,259.85,258.7,259.02,0,0.0,0.0,0.0,XLK
2025-08-21 09:30:00-04:00,259.2200012207031,260.260009765625,257.8349914550781,260.2300109863281,1465481,0.0,0.0,0.0,XLK
2025-08-21 10:30:00-04:00,260.25,260.25,258.5299987792969,259.17999267578125,1177309,0.0,0.0,0.0,XLK
2025-08-21 11:30:00-04:00,259.17999267578125,259.6700134277344,258.25,258.3299865722656,940318,0.0,0.0,0.0,XLK
2025-08-21 12:30:00-04:00,258.3299865722656,258.7900085449219,257.7900085449219,258.1199951171875,953925,0.0,0.0,0.0,XLK
2025-08-21 13:30:00-04:00,258.1199951171875,259.0,258.1050109863281,258.70098876953125,1030943,0.0,0.0,0.0,XLK
2025-08-21 14:30:00-04:00,258.70001220703125,259.29998779296875,258.4700012207031,259.0989990234375,812650,0.0,0.0,0.0,XLK
2025-08-21 15:30:00-04:00,259.1199951171875,259.1199951171875,258.6650085449219,258.8900146484375,797518,0.0,0.0,0.0,XLK
2025-08-21 16:00:00-04:00,258.91,259.2,258.39,258.63,0,0.0,0.0,0.0,XLK
2025-08-21 17:00:00-04:00,258.63,259.1,258.21,258.58,0,0.0,0.0,0.0,XLK
2025-08-21 18:00:00-04:00,258.6,259.17,258.5,258.9,0,0.0,0.0,0.0,XLK
2025-08-21 19:00:00-04:00,258.9,259.17,258.51,258.83,0,0.0,0.0,0.0,XLK
2025-08-22 04:00:00-04:00,258.5,258.73,258.04,258.48,0,0.0,0.0,0.0,XLK
2025-08-22 05:00:00-04:00,258.38,258.63,258.38,258.55,0,0.0,0.0,0.0,XLK
2025-08-22 06:00:00-04:00,258.55,258.9,258.5,258.82,0,0.0,0.0,0.0,XLK
2025-08-22 07:00:00-04:00,258.82,259.08,258.73,258.75,0,0.0,0.0,0.0,XLK
2025-08-22 08:00:00-04:00,258.75,259.17,257.33,258.95,0,0.0,0.0,0.0,XLK
2025-08-22 09:00:00-04:00,258.72,258.76,258.29,258.6,0,0.0,0.0,0.0,XLK
2025-08-22 09:30:00-04:00,258.6300048828125,263.66949462890625,257.9100036621094,262.489990234375,1493064,0.0,0.0,0.0,XLK
2025-08-22 10:30:00-04:00,262.4949951171875,264.1300048828125,262.4949951171875,263.45001220703125,1179921,0.0,0.0,0.0,XLK
2025-08-22 11:30:00-04:00,263.45001220703125,263.79998779296875,262.30999755859375,262.43499755859375,694186,0.0,0.0,0.0,XLK
2025-08-22 12:30:00-04:00,262.44000244140625,263.3900146484375,262.19000244140625,263.3900146484375,697806,0.0,0.0,0.0,XLK
2025-08-22 13:30:00-04:00,263.3999938964844,263.4100036621094,262.7300109863281,262.8399963378906,495494,0.0,0.0,0.0,XLK
2025-08-22 14:30:00-04:00,262.8599853515625,263.1700134277344,262.5400085449219,262.5799865722656,635366,0.0,0.0,0.0,XLK
2025-08-22 15:30:00-04:00,262.5899963378906,262.7099914550781,262.0299987792969,262.4599914550781,1382277,0.0,0.0,0.0,XLK
2025-08-22 16:00:00-04:00,262.46,262.8,262.0,262.4,0,0.0,0.0,0.0,XLK
2025-08-22 17:00:00-04:00,262.48,263.0,262.48,263.0,0,0.0,0.0,0.0,XLK
2025-08-22 18:00:00-04:00,262.6,263.0,262.58,262.6,0,0.0,0.0,0.0,XLK
2025-08-22 19:00:00-04:00,262.6,263.1,262.43,263.1,0,0.0,0.0,0.0,XLK
2025-08-25 04:00:00-04:00,262.17,262.35,261.96,262.04,0,0.0,0.0,0.0,XLK
2025-08-25 05:00:00-04:00,262.16,262.24,261.67,261.77,0,0.0,0.0,0.0,XLK
2025-08-25 06:00:00-04:00,261.77,261.94,261.55,261.56,0,0.0,0.0,0.0,XLK
2025-08-25 07:00:00-04:00,261.51,261.63,261.36,261.53,0,0.0,0.0,0.0,XLK
2025-08-25 08:00:00-04:00,261.67,262.51,261.35,261.4,0,0.0,0.0,0.0,XLK
2025-08-25 09:00:00-04:00,261.38,262.42,261.32,261.43,0,0.0,0.0,0.0,XLK
2025-08-25 09:30:00-04:00,262.4100036621094,262.67999267578125,261.1099853515625,262.2900085449219,1226146,0.0,0.0,0.0,XLK
2025-08-25 10:30:00-04:00,262.2749938964844,263.20001220703125,262.20001220703125,263.19000244140625,819126,0.0,0.0,0.0,XLK
2025-08-25 11:30:00-04:00,263.17999267578125,263.4700012207031,263.0400085449219,263.239990234375,472086,0.0,0.0,0.0,XLK
2025-08-25 12:30:00-04:00,263.239990234375,263.3789978027344,262.7200012207031,262.95001220703125,406260,0.0,0.0,0.0,XLK
2025-08-25 13:30:00-04:00,262.94000244140625,263.010009765625,262.6099853515625,262.7900085449219,413427,0.0,0.0,0.0,XLK
2025-08-25 14:30:00-04:00,262.7900085449219,262.8900146484375,262.5400085449219,262.6300048828125,404177,0.0,0.0,0.0,XLK
2025-08-25 15:30:00-04:00,262.6300048828125,262.69000244140625,261.79998779296875,261.82000732421875,1073920,0.0,0.0,0.0,XLK
2025-08-25 16:00:00-04:00,261.84,262.25,261.69,261.96,0,0.0,0.0,0.0,XLK
2025-08-25 17:00:00-04:00,261.83,261.97,261.6,261.891,0,0.0,0.0,0.0,XLK
2025-08-25 18:00:00-04:00,262.0,262.6214,261.92,262.01,0,0.0,0.0,0.0,XLK
2025-08-25 19:00:00-04:00,262.01,262.01,261.83,261.83,0,0.0,0.0,0.0,XLK
2025-08-26 04:00:00-04:00,261.45,261.76,261.45,261.59,0,0.0,0.0,0.0,XLK
2025-08-26 05:00:00-04:00,261.59,261.74,261.54,261.74,0,0.0,0.0,0.0,XLK
2025-08-26 06:00:00-04:00,261.74,262.16,261.58,262.16,0,0.0,0.0,0.0,XLK
2025-08-26 07:00:00-04:00,262.35,262.35,261.89,261.89,0,0.0,0.0,0.0,XLK
2025-08-26 08:00:00-04:00,261.86,262.2488,261.21,261.92,0,0.0,0.0,0.0,XLK
2025-08-26 09:00:00-04:00,261.95,262.03,261.82,261.96,0,0.0,0.0,0.0,XLK
2025-08-26 09:30:00-04:00,262.04998779296875,263.1099853515625,261.6700134277344,263.0299072265625,1030589,0.0,0.0,0.0,XLK
2025-08-26 10:30:00-04:00,263.0299987792969,263.1300048828125,262.32000732421875,262.3399963378906,991398,0.0,0.0,0.0,XLK
2025-08-26 11:30:00-04:00,262.3399963378906,263.1000061035156,262.1700134277344,262.9200134277344,453391,0.0,0.0,0.0,XLK
2025-08-26 12:30:00-04:00,262.9100036621094,262.989990234375,262.5899963378906,262.8900146484375,352134,0.0,0.0,0.0,XLK
2025-08-26 13:30:00-04:00,262.9100036621094,262.9200134277344,261.8900146484375,262.6099853515625,425066,0.0,0.0,0.0,XLK
2025-08-26 14:30:00-04:00,262.6099853515625,263.05999755859375,262.54998779296875,262.92999267578125,625569,0.0,0.0,0.0,XLK
2025-08-26 15:30:00-04:00,262.92999267578125,263.3800048828125,262.44000244140625,263.0199890136719,1414298,0.0,0.0,0.0,XLK
2025-08-26 16:00:00-04:00,263.03,263.44,262.5,263.33,0,0.0,0.0,0.0,XLK
2025-08-26 17:00:00-04:00,263.32,263.7,263.03,263.37,0,0.0,0.0,0.0,XLK
2025-08-26 18:00:00-04:00,263.32,263.7,263.32,263.52,0,0.0,0.0,0.0,XLK
2025-08-26 19:00:00-04:00,263.52,263.7,263.5,263.69,0,0.0,0.0,0.0,XLK
2025-08-27 04:00:00-04:00,263.47,263.47,263.21,263.22,0,0.0,0.0,0.0,XLK
2025-08-27 05:00:00-04:00,263.22,263.51,263.09,263.43,0,0.0,0.0,0.0,XLK
2025-08-27 06:00:00-04:00,263.43,263.58,263.43,263.58,0,0.0,0.0,0.0,XLK
2025-08-27 07:00:00-04:00,263.55,263.76,263.5,263.7,0,0.0,0.0,0.0,XLK
2025-08-27 08:00:00-04:00,263.7,263.89,263.03,263.58,0,0.0,0.0,0.0,XLK
2025-08-27 09:00:00-04:00,263.6,263.6,263.03,263.12,0,0.0,0.0,0.0,XLK
2025-08-27 09:30:00-04:00,263.2900085449219,263.5799865722656,262.0799865722656,263.489990234375,1400274,0.0,0.0,0.0,XLK
2025-08-27 10:30:00-04:00,263.510009765625,263.79998779296875,263.3900146484375,263.6000061035156,704815,0.0,0.0,0.0,XLK
2025-08-27 11:30:00-04:00,263.6000061035156,264.17999267578125,263.2900085449219,263.55999755859375,624646,0.0,0.0,0.0,XLK
2025-08-27 12:30:00-04:00,263.55999755859375,264.19000244140625,263.3399963378906,264.0799865722656,419954,0.0,0.0,0.0,XLK
2025-08-27 13:30:00-04:00,264.08990478515625,264.75,264.05999755859375,264.6261901855469,454080,0.0,0.0,0.0,XLK
2025-08-27 14:30:00-04:00,264.6199951171875,264.6465148925781,263.5199890136719,264.1300048828125,702053,0.0,0.0,0.0,XLK
2025-08-27 15:30:00-04:00,264.1400146484375,264.625,264.114990234375,264.3500061035156,1000173,0.0,0.0,0.0,XLK
2025-08-27 16:00:00-04:00,264.36,264.8,260.5,262.5,0,0.0,0.0,0.0,XLK
2025-08-27 17:00:00-04:00,262.83,263.24,262.26,263.0,0,0.0,0.0,0.0,XLK
2025-08-27 18:00:00-04:00,262.7,263.25,262.3,262.72,0,0.0,0.0,0.0,XLK
2025-08-27 19:00:00-04:00,262.51,262.73,262.13,262.13,0,0.0,0.0,0.0,XLK
2025-08-28 04:00:00-04:00,263.71,264.39,263.71,264.25,0,0.0,0.0,0.0,XLK
2025-08-28 05:00:00-04:00,264.0,264.2,263.76,263.95,0,0.0,0.0,0.0,XLK
2025-08-28 06:00:00-04:00,263.85,263.94,263.71,263.88,0,0.0,0.0,0.0,XLK
2025-08-28 07:00:00-04:00,263.93,263.96,263.4,263.53,0,0.0,0.0,0.0,XLK
2025-08-28 08:00:00-04:00,263.59,264.45,262.99,263.89,0,0.0,0.0,0.0,XLK
2025-08-28 09:00:00-04:00,264.28,264.68,230.5,264.59,0,0.0,0.0,0.0,XLK
2025-08-28 09:30:00-04:00,264.7699890136719,266.04998779296875,263.45001220703125,264.489990234375,1460563,0.0,0.0,0.0,XLK
2025-08-28 10:30:00-04:00,264.4599914550781,266.0199890136719,264.42999267578125,265.0,937313,0.0,0.0,0.0,XLK
2025-08-28 11:30:00-04:00,265.0,266.17999267578125,264.9700012207031,266.10009765625,554525,0.0,0.0,0.0,XLK
2025-08-28 12:30:00-04:00,266.0899963378906,266.25,265.70001220703125,266.25,540079,0.0,0.0,0.0,XLK
2025-08-28 13:30:00-04:00,266.260009765625,266.81500244140625,266.1799011230469,266.7699890136719,531288,0.0,0.0,0.0,XLK
2025-08-28 14:30:00-04:00,266.7749938964844,267.0799865722656,266.5799865722656,266.6650085449219,726603,0.0,0.0,0.0,XLK
2025-08-28 15:30:00-04:00,266.6600036621094,267.1099853515625,266.4700012207031,266.510009765625,1178282,0.0,0.0,0.0,XLK
2025-08-28 16:00:00-04:00,266.495,266.54,266.21,266.4,0,0.0,0.0,0.0,XLK
2025-08-28 17:00:00-04:00,266.4,266.41,266.302,266.35,0,0.0,0.0,0.0,XLK
2025-08-28 18:00:00-04:00,266.6,266.66,266.2232,266.66,0,0.0,0.0,0.0,XLK
2025-08-28 19:00:00-04:00,266.66,266.66,266.184,266.5,0,0.0,0.0,0.0,XLK
2025-08-29 04:00:00-04:00,266.2,266.2,265.58,265.58,0,0.0,0.0,0.0,XLK
2025-08-29 05:00:00-04:00,265.58,265.6,264.9,265.21,0,0.0,0.0,0.0,XLK
2025-08-29 06:00:00-04:00,265.21,265.38,265.11,265.38,0,0.0,0.0,0.0,XLK
2025-08-29 07:00:00-04:00,265.13,265.51,264.95,265.51,0,0.0,0.0,0.0,XLK
2025-08-29 08:00:00-04:00,265.51,266.54,265.08,265.3,0,0.0,0.0,0.0,XLK
2025-08-29 09:00:00-04:00,265.3,266.54,265.3,265.45,0,0.0,0.0,0.0,XLK
2025-08-29 09:30:00-04:00,265.20001220703125,265.3399963378906,261.80999755859375,262.79998779296875,1976203,0.0,0.0,0.0,XLK
2025-08-29 10:30:00-04:00,262.7799987792969,263.010009765625,261.67999267578125,262.69000244140625,1481117,0.0,0.0,0.0,XLK
2025-08-29 11:30:00-04:00,262.69000244140625,262.75,261.80999755859375,262.20001220703125,819683,0.0,0.0,0.0,XLK
2025-08-29 12:30:00-04:00,262.19000244140625,262.67498779296875,261.489990234375,261.8900146484375,901225,0.0,0.0,0.0,XLK
2025-08-29 13:30:00-04:00,261.8900146484375,262.45001220703125,261.69000244140625,261.8800048828125,749866,0.0,0.0,0.0,XLK
2025-08-29 14:30:00-04:00,261.8800048828125,262.6400146484375,261.8699951171875,262.3599853515625,668805,0.0,0.0,0.0,XLK
2025-08-29 15:30:00-04:00,262.44000244140625,262.7300109863281,261.7850036621094,262.4599914550781,1600166,0.0,0.0,0.0,XLK
2025-08-29 16:00:00-04:00,262.45,262.99,262.25,262.48,0,0.0,0.0,0.0,XLK
2025-08-29 17:00:00-04:00,262.48,262.48,249.5129,262.4,0,0.0,0.0,0.0,XLK
2025-08-29 18:00:00-04:00,262.6,262.6263,262.0,262.25,0,0.0,0.0,0.0,XLK
2025-08-29 19:00:00-04:00,262.25,262.6,262.1,262.3,0,0.0,0.0,0.0,XLK
2025-09-02 04:00:00-04:00,261.69,261.69,260.13,260.61,0,0.0,0.0,0.0,XLK
2025-09-02 05:00:00-04:00,260.54,260.89,260.26,260.62,0,0.0,0.0,0.0,XLK
2025-09-02 06:00:00-04:00,260.62,260.62,259.57,259.79,0,0.0,0.0,0.0,XLK
2025-09-02 07:00:00-04:00,259.79,259.98,259.2,259.35,0,0.0,0.0,0.0,XLK
2025-09-02 08:00:00-04:00,259.32,262.3988,258.37,258.43,0,0.0,0.0,0.0,XLK
2025-09-02 09:00:00-04:00,258.5999,262.45,257.4455,257.94,0,0.0,0.0,0.0,XLK
2025-09-02 09:30:00-04:00,256.7300109863281,259.7900085449219,256.2799987792969,259.42999267578125,2692607,0.0,0.0,0.0,XLK
2025-09-02 10:30:00-04:00,259.19000244140625,259.4599914550781,257.3999938964844,257.79998779296875,1294159,0.0,0.0,0.0,XLK
2025-09-02 11:30:00-04:00,257.67999267578125,257.80499267578125,256.72650146484375,257.1650085449219,1050519,0.0,0.0,0.0,XLK
2025-09-02 12:30:00-04:00,257.1600036621094,258.4200134277344,257.1600036621094,258.32501220703125,868853,0.0,0.0,0.0,XLK
2025-09-02 13:30:00-04:00,258.3299865722656,258.9700012207031,258.1300048828125,258.19000244140625,748961,0.0,0.0,0.0,XLK
2025-09-02 14:30:00-04:00,258.3299865722656,259.2799987792969,258.1700134277344,259.2099914550781,854249,0.0,0.0,0.0,XLK
2025-09-02 15:30:00-04:00,259.19000244140625,260.0400085449219,259.1600036621094,259.8800048828125,1318920,0.0,0.0,0.0,XLK
2025-09-02 16:00:00-04:00,259.8,260.88,258.2801,260.51,0,0.0,0.0,0.0,XLK
2025-09-02 17:00:00-04:00,260.51,260.87,260.32,260.62,0,0.0,0.0,0.0,XLK
2025-09-02 18:00:00-04:00,260.65,260.71,260.3,260.34,0,0.0,0.0,0.0,XLK
2025-09-02 19:00:00-04:00,260.34,260.35,260.0,260.01,0,0.0,0.0,0.0,XLK
2025-09-03 04:00:00-04:00,260.75,261.0,260.32,261.0,0,0.0,0.0,0.0,XLK
2025-09-03 05:00:00-04:00,261.0,261.09,260.83,261.09,0,0.0,0.0,0.0,XLK
2025-09-03 06:00:00-04:00,261.09,261.41,261.01,261.26,0,0.0,0.0,0.0,XLK
2025-09-03 07:00:00-04:00,261.26,261.5,261.19,261.38,0,0.0,0.0,0.0,XLK
2025-09-03 08:00:00-04:00,261.38,261.69,259.8,261.39,0,0.0,0.0,0.0,XLK
2025-09-03 09:00:00-04:00,261.4,261.4,259.8,261.22,0,0.0,0.0,0.0,XLK
2025-09-03 09:30:00-04:00,261.1300048828125,261.4200134277344,260.0299987792969,260.9649963378906,1369491,0.0,0.0,0.0,XLK
2025-09-03 10:30:00-04:00,260.95001220703125,261.8699951171875,260.32000732421875,260.3800048828125,870112,0.0,0.0,0.0,XLK
2025-09-03 11:30:00-04:00,260.3800048828125,261.1700134277344,260.1600036621094,260.739990234375,886449,0.0,0.0,0.0,XLK
2025-09-03 12:30:00-04:00,260.75,261.1650085449219,260.239990234375,260.7099914550781,705227,0.0,0.0,0.0,XLK
2025-09-03 13:30:00-04:00,260.69000244140625,260.80999755859375,259.57000732421875,259.760009765625,821618,0.0,0.0,0.0,XLK
2025-09-03 14:30:00-04:00,259.75,260.0950012207031,259.3999938964844,260.0,852913,0.0,0.0,0.0,XLK
2025-09-03 15:30:00-04:00,259.989990234375,261.4100036621094,259.9849853515625,261.3599853515625,1525559,0.0,0.0,0.0,XLK
2025-09-03 16:00:00-04:00,261.35,261.36,260.3865,261.09,0,0.0,0.0,0.0,XLK
2025-09-03 17:00:00-04:00,261.09,261.35,260.83,260.83,0,0.0,0.0,0.0,XLK
2025-09-03 18:00:00-04:00,260.77,260.77,260.5,260.62,0,0.0,0.0,0.0,XLK
2025-09-03 19:00:00-04:00,260.62,260.86,260.45,260.45,0,0.0,0.0,0.0,XLK
2025-09-04 04:00:00-04:00,261.0,262.23,261.0,261.4,0,0.0,0.0,0.0,XLK
2025-09-04 05:00:00-04:00,261.45,261.45,261.31,261.44,0,0.0,0.0,0.0,XLK
2025-09-04 06:00:00-04:00,261.44,261.55,261.44,261.48,0,0.0,0.0,0.0,XLK
2025-09-04 07:00:00-04:00,261.48,261.48,261.0,261.0,0,0.0,0.0,0.0,XLK
2025-09-04 08:00:00-04:00,261.13,261.6,260.75,260.92,0,0.0,0.0,0.0,XLK
2025-09-04 09:00:00-04:00,260.92,261.35,260.49,260.64,0,0.0,0.0,0.0,XLK
2025-09-04 09:30:00-04:00,260.2799987792969,260.6400146484375,259.2200012207031,260.5400085449219,4699791,0.0,0.0,0.0,XLK
2025-09-04 10:30:00-04:00,260.5400085449219,261.55999755859375,260.5199890136719,261.3900146484375,2019176,0.0,0.0,0.0,XLK
2025-09-04 11:30:00-04:00,261.3999938964844,261.4849853515625,261.0,261.08551025390625,1141127,0.0,0.0,0.0,XLK
2025-09-04 12:30:00-04:00,261.0799865722656,261.7300109863281,261.0400085449219,261.6549987792969,932327,0.0,0.0,0.0,XLK
2025-09-04 13:30:00-04:00,261.6600036621094,262.0400085449219,261.4800109863281,261.7699890136719,859329,0.0,0.0,0.0,XLK
2025-09-04 14:30:00-04:00,261.7799987792969,262.3299865722656,261.760009765625,262.125,837021,0.0,0.0,0.0,XLK
2025-09-04 15:30:00-04:00,262.1199951171875,262.7449951171875,261.9700012207031,262.6300048828125,1358082,0.0,0.0,0.0,XLK
2025-09-04 16:00:00-04:00,262.64,263.2,262.61,262.99,0,0.0,0.0,0.0,XLK
2025-09-04 17:00:00-04:00,262.99,263.5,262.64,262.92,0,0.0,0.0,0.0,XLK
2025-09-04 18:00:00-04:00,263.02,263.3,262.88,262.94,0,0.0,0.0,0.0,XLK
2025-09-04 19:00:00-04:00,262.94,263.1488,262.94,262.96,0,0.0,0.0,0.0,XLK
2025-09-05 04:00:00-04:00,263.46,264.09,263.46,264.08,0,0.0,0.0,0.0,XLK
2025-09-05 05:00:00-04:00,264.12,264.17,264.0,264.05,0,0.0,0.0,0.0,XLK
2025-09-05 06:00:00-04:00,264.37,264.37,264.22,264.22,0,0.0,0.0,0.0,XLK
2025-09-05 07:00:00-04:00,264.22,264.26,264.04,264.24,0,0.0,0.0,0.0,XLK
2025-09-05 08:00:00-04:00,264.19,264.41,263.0,264.0,0,0.0,0.0,0.0,XLK
2025-09-05 09:00:00-04:00,264.06,265.4,262.64,265.04,0,0.0,0.0,0.0,XLK
2025-09-05 09:30:00-04:00,265.1300048828125,265.2300109863281,261.3299865722656,261.6099853515625,6155761,0.0,0.0,0.0,XLK
2025-09-05 10:30:00-04:00,261.6099853515625,261.94000244140625,260.19000244140625,261.8800048828125,4463800,0.0,0.0,0.0,XLK
2025-09-05 11:30:00-04:00,261.8800048828125,262.4200134277344,261.4200134277344,261.8399963378906,1933423,0.0,0.0,0.0,XLK
2025-09-05 12:30:00-04:00,261.8699951171875,262.375,261.6199951171875,262.04998779296875,1484646,0.0,0.0,0.0,XLK
2025-09-05 13:30:00-04:00,262.04998779296875,262.42999267578125,261.3999938964844,262.3550109863281,1556791,0.0,0.0,0.0,XLK
2025-09-05 14:30:00-04:00,262.3399963378906,263.0899963378906,262.1549987792969,262.9849853515625,1565380,0.0,0.0,0.0,XLK
2025-09-05 15:30:00-04:00,262.9849853515625,263.0400085449219,262.2900085449219,262.8999938964844,1870398,0.0,0.0,0.0,XLK
2025-09-05 16:00:00-04:00,262.9,263.05,262.26,262.5,0,0.0,0.0,0.0,XLK
2025-09-05 17:00:00-04:00,262.5,262.86,262.5,262.62,0,0.0,0.0,0.0,XLK
2025-09-05 18:00:00-04:00,262.62,262.66,262.62,262.62,0,0.0,0.0,0.0,XLK
2025-09-05 19:00:00-04:00,262.62,262.67,262.61,262.61,0,0.0,0.0,0.0,XLK
2025-09-08 04:00:00-04:00,263.88,263.88,263.61,263.63,0,0.0,0.0,0.0,XLK
2025-09-08 05:00:00-04:00,263.76,263.85,263.64,263.76,0,0.0,0.0,0.0,XLK
2025-09-08 06:00:00-04:00,263.74,264.17,263.74,264.01,0,0.0,0.0,0.0,XLK
2025-09-08 07:00:00-04:00,264.28,264.28,264.03,264.1,0,0.0,0.0,0.0,XLK
2025-09-08 08:00:00-04:00,264.03,264.36,262.86,264.11,0,0.0,0.0,0.0,XLK
2025-09-08 09:00:00-04:00,264.1,264.44,262.86,264.37,0,0.0,0.0,0.0,XLK
2025-09-08 09:30:00-04:00,264.239990234375,265.57000732421875,264.17999267578125,265.4200134277344,3421116,0.0,0.0,0.0,XLK
2025-09-08 10:30:00-04:00,265.4200134277344,265.7900085449219,265.2200012207031,265.6700134277344,1223289,0.0,0.0,0.0,XLK
2025-09-08 11:30:00-04:00,265.6600036621094,265.75,264.9200134277344,265.0299987792969,933164,0.0,0.0,0.0,XLK
2025-09-08 12:30:00-04:00,265.0249938964844,265.0700988769531,264.4988098144531,264.8900146484375,891216,0.0,0.0,0.0,XLK
2025-09-08 13:30:00-04:00,264.8800048828125,264.9800109863281,264.3399963378906,264.8399963378906,742184,0.0,0.0,0.0,XLK
2025-09-08 14:30:00-04:00,264.8399963378906,264.95001220703125,264.29998779296875,264.45001220703125,952505,0.0,0.0,0.0,XLK
2025-09-08 15:30:00-04:00,264.4599914550781,265.0799865722656,264.4599914550781,264.8299865722656,1625821,0.0,0.0,0.0,XLK
2025-09-08 16:00:00-04:00,264.83,265.23,264.5,264.86,0,0.0,0.0,0.0,XLK
2025-09-08 17:00:00-04:00,264.5,264.85,264.5,264.8499,0,0.0,0.0,0.0,XLK
2025-09-08 18:00:00-04:00,264.51,265.24,264.51,265.24,0,0.0,0.0,0.0,XLK
2025-09-08 19:00:00-04:00,265.01,265.24,264.94,265.01,0,0.0,0.0,0.0,XLK
2025-09-09 04:00:00-04:00,265.38,265.67,265.1,265.67,0,0.0,0.0,0.0,XLK
2025-09-09 05:00:00-04:00,265.69,265.69,265.36,265.56,0,0.0,0.0,0.0,XLK
2025-09-09 06:00:00-04:00,265.56,265.66,265.55,265.66,0,0.0,0.0,0.0,XLK
2025-09-09 07:00:00-04:00,265.69,265.69,265.06,265.06,0,0.0,0.0,0.0,XLK
2025-09-09 08:00:00-04:00,265.26,265.8,264.82,265.67,0,0.0,0.0,0.0,XLK
2025-09-09 09:00:00-04:00,265.41,265.61,264.83,265.2,0,0.0,0.0,0.0,XLK
2025-09-09 09:30:00-04:00,265.3500061035156,265.6199951171875,264.19000244140625,264.45001220703125,3704339,0.0,0.0,0.0,XLK
2025-09-09 10:30:00-04:00,264.4100036621094,264.489990234375,263.4599914550781,264.4200134277344,1630928,0.0,0.0,0.0,XLK
2025-09-09 11:30:00-04:00,264.3999938964844,264.8800048828125,264.1000061035156,264.739990234375,798962,0.0,0.0,0.0,XLK
2025-09-09 12:30:00-04:00,264.739990234375,265.239990234375,264.5799865722656,264.9700012207031,609903,0.0,0.0,0.0,XLK
2025-09-09 13:30:00-04:00,265.0299987792969,265.0350036621094,264.45001220703125,264.6199951171875,997369,0.0,0.0,0.0,XLK
2025-09-09 14:30:00-04:00,264.6300048828125,265.05999755859375,264.4700012207031,265.0,667756,0.0,0.0,0.0,XLK
2025-09-09 15:30:00-04:00,265.0249938964844,265.54998779296875,264.7200012207031,265.3299865722656,1061824,0.0,0.0,0.0,XLK
2025-09-09 16:00:00-04:00,265.34,268.57,264.6,268.02,0,0.0,0.0,0.0,XLK
2025-09-09 17:00:00-04:00,268.0,269.3,268.0,268.61,0,0.0,0.0,0.0,XLK
2025-09-09 18:00:00-04:00,268.99,268.99,268.5,268.5,0,0.0,0.0,0.0,XLK
2025-09-09 19:00:00-04:00,268.51,268.94,268.32,268.94,0,0.0,0.0,0.0,XLK
2025-09-10 04:00:00-04:00,269.3,269.51,269.03,269.21,0,0.0,0.0,0.0,XLK
2025-09-10 05:00:00-04:00,269.16,269.22,268.86,268.98,0,0.0,0.0,0.0,XLK
2025-09-10 06:00:00-04:00,269.08,269.35,269.05,269.34,0,0.0,0.0,0.0,XLK
2025-09-10 07:00:00-04:00,269.38,270.17,269.34,269.86,0,0.0,0.0,0.0,XLK
2025-09-10 08:00:00-04:00,269.98,270.49,265.34,270.18,0,0.0,0.0,0.0,XLK
2025-09-10 09:00:00-04:00,270.36,271.2,265.34,270.71,0,0.0,0.0,0.0,XLK
2025-09-10 09:30:00-04:00,269.8800048828125,271.8399963378906,269.80999755859375,271.3299865722656,5141901,0.0,0.0,0.0,XLK
2025-09-10 10:30:00-04:00,271.30999755859375,271.9700012207031,271.2099914550781,271.510009765625,1758365,0.0,0.0,0.0,XLK
2025-09-10 11:30:00-04:00,271.510009765625,271.54998779296875,270.6600036621094,270.82000732421875,1038047,0.0,0.0,0.0,XLK
2025-09-10 12:30:00-04:00,270.80999755859375,270.92999267578125,270.1499938964844,270.2799987792969,869103,0.0,0.0,0.0,XLK
2025-09-10 13:30:00-04:00,270.2749938964844,270.55999755859375,269.07000732421875,269.3999938964844,1161872,0.0,0.0,0.0,XLK
2025-09-10 14:30:00-04:00,269.3800048828125,269.7699890136719,268.8599853515625,269.34539794921875,1191710,0.0,0.0,0.0,XLK
2025-09-10 15:30:00-04:00,269.3999938964844,270.3800048828125,269.32000732421875,270.1600036621094,1549926,0.0,0.0,0.0,XLK
2025-09-10 16:00:00-04:00,270.15,270.6468,269.61,270.0,0,0.0,0.0,0.0,XLK
2025-09-10 17:00:00-04:00,270.15,270.15,269.75,270.15,0,0.0,0.0,0.0,XLK
2025-09-10 18:00:00-04:00,270.15,270.26,270.0,270.2,0,0.0,0.0,0.0,XLK
2025-09-10 19:00:00-04:00,270.24,270.39,270.15,270.39,0,0.0,0.0,0.0,XLK
2025-09-11 04:00:00-04:00,271.19,271.19,271.05,271.05,0,0.0,0.0,0.0,XLK
2025-09-11 05:00:00-04:00,271.05,271.05,270.92,271.04,0,0.0,0.0,0.0,XLK
2025-09-11 06:00:00-04:00,271.04,271.06,270.76,271.02,0,0.0,0.0,0.0,XLK
2025-09-11 07:00:00-04:00,271.02,271.3,271.02,271.26,0,0.0,0.0,0.0,XLK
2025-09-11 08:00:00-04:00,271.26,272.2888,270.0,271.29,0,0.0,0.0,0.0,XLK
2025-09-11 09:00:00-04:00,271.15,271.6499,270.15,271.55,0,0.0,0.0,0.0,XLK
2025-09-11 09:30:00-04:00,271.8500061035156,272.2300109863281,270.6199951171875,270.8699951171875,3959251,0.0,0.0,0.0,XLK
2025-09-11 10:30:00-04:00,270.8699951171875,271.885009765625,270.8699951171875,271.885009765625,1656205,0.0,0.0,0.0,XLK
2025-09-11 11:30:00-04:00,271.8800048828125,272.04998779296875,271.489990234375,271.5199890136719,948657,0.0,0.0,0.0,XLK
2025-09-11 12:30:00-04:00,271.5199890136719,271.6199951171875,271.0299987792969,271.2300109863281,1167322,0.0,0.0,0.0,XLK
2025-09-11 13:30:00-04:00,271.2300109863281,271.4299011230469,270.7300109863281,270.82000732421875,890181,0.0,0.0,0.0,XLK
2025-09-11 14:30:00-04:00,270.82501220703125,271.2749938964844,270.79998779296875,271.06500244140625,1002500,0.0,0.0,0.0,XLK
2025-09-11 15:30:00-04:00,271.04998779296875,271.29998779296875,270.8599853515625,270.9100036621094,1732501,0.0,0.0,0.0,XLK
2025-09-11 16:00:00-04:00,271.06,271.296,270.32,270.75,0,0.0,0.0,0.0,XLK
2025-09-11 17:00:00-04:00,270.75,271.8,270.75,271.8,0,0.0,0.0,0.0,XLK
2025-09-11 18:00:00-04:00,271.91,271.91,271.06,271.6,0,0.0,0.0,0.0,XLK
2025-09-11 19:00:00-04:00,271.6,271.69,271.24,271.6,0,0.0,0.0,0.0,XLK
2025-09-12 04:00:00-04:00,271.24,271.42,271.08,271.08,0,0.0,0.0,0.0,XLK
2025-09-12 05:00:00-04:00,271.15,271.44,271.06,271.27,0,0.0,0.0,0.0,XLK
2025-09-12 06:00:00-04:00,271.41,271.67,271.24,271.33,0,0.0,0.0,0.0,XLK
2025-09-12 07:00:00-04:00,271.37,271.59,271.18,271.42,0,0.0,0.0,0.0,XLK
2025-09-12 08:00:00-04:00,271.43,271.62,270.99,271.51,0,0.0,0.0,0.0,XLK
2025-09-12 09:00:00-04:00,271.28,271.5589,271.0512,271.55,0,0.0,0.0,0.0,XLK
2025-09-12 09:30:00-04:00,271.6000061035156,271.8599853515625,270.29998779296875,271.0299987792969,2058641,0.0,0.0,0.0,XLK
2025-09-12 10:30:00-04:00,271.0400085449219,271.3500061035156,270.80999755859375,271.125,1417052,0.0,0.0,0.0,XLK
2025-09-12 11:30:00-04:00,271.1199951171875,271.4599914550781,270.8299865722656,271.4200134277344,789170,0.0,0.0,0.0,XLK
2025-09-12 12:30:00-04:00,271.4200134277344,271.4599914550781,271.0150146484375,271.07000732421875,520884,0.0,0.0,0.0,XLK
2025-09-12 13:30:00-04:00,271.05999755859375,271.5849914550781,270.93499755859375,271.25,515564,0.0,0.0,0.0,XLK
2025-09-12 14:30:00-04:00,271.260009765625,271.69000244140625,271.1400146484375,271.20001220703125,806382,0.0,0.0,0.0,XLK
2025-09-12 15:30:00-04:00,271.17999267578125,271.2300109863281,270.69500732421875,270.8699951171875,1324317,0.0,0.0,0.0,XLK
2025-09-12 16:00:00-04:00,270.89,271.41,270.603,270.8214,0,0.0,0.0,0.0,XLK
2025-09-12 17:00:00-04:00,270.8214,270.94,270.82,270.82,0,0.0,0.0,0.0,XLK
2025-09-12 18:00:00-04:00,270.9199,270.9199,270.78,270.8,0,0.0,0.0,0.0,XLK
2025-09-12 19:00:00-04:00,270.8,270.9,270.73,270.73,0,0.0,0.0,0.0,XLK
2025-09-15 04:00:00-04:00,272.0,272.0,269.96,270.19,0,0.0,0.0,0.0,XLK
2025-09-15 05:00:00-04:00,270.19,270.25,269.75,269.89,0,0.0,0.0,0.0,XLK
2025-09-15 06:00:00-04:00,269.94,269.98,269.81,269.88,0,0.0,0.0,0.0,XLK
2025-09-15 07:00:00-04:00,269.86,270.35,269.68,270.15,0,0.0,0.0,0.0,XLK
2025-09-15 08:00:00-04:00,270.09,271.59,269.74,270.5,0,0.0,0.0,0.0,XLK
2025-09-15 09:00:00-04:00,270.57,271.27,270.45,271.02,0,0.0,0.0,0.0,XLK
2025-09-15 09:30:00-04:00,271.30999755859375,272.2799987792969,270.9800109863281,272.0299987792969,2146479,0.0,0.0,0.0,XLK
2025-09-15 10:30:00-04:00,272.0199890136719,272.4100036621094,271.80499267578125,272.239990234375,1150550,0.0,0.0,0.0,XLK
2025-09-15 11:30:00-04:00,272.239990234375,272.79998779296875,272.20001220703125,272.489990234375,757435,0.0,0.0,0.0,XLK
2025-09-15 12:30:00-04:00,272.5,272.7749938964844,272.1600036621094,272.17999267578125,617949,0.0,0.0,0.0,XLK
2025-09-15 13:30:00-04:00,272.17999267578125,272.760009765625,272.1499938964844,272.4700012207031,527254,0.0,0.0,0.0,XLK
2025-09-15 14:30:00-04:00,272.4800109863281,272.7900085449219,272.30499267578125,272.7550048828125,751176,0.0,0.0,0.0,XLK
2025-09-15 15:30:00-04:00,272.739990234375,273.3800048828125,272.5299987792969,273.32000732421875,2053854,0.0,0.0,0.0,XLK
2025-09-15 16:00:00-04:00,273.32,273.32,272.98,273.22,0,0.0,0.0,0.0,XLK
2025-09-15 17:00:00-04:00,273.21,273.32,272.9961,273.25,0,0.0,0.0,0.0,XLK
2025-09-15 18:00:00-04:00,273.0,273.32,272.97,272.97,0,0.0,0.0,0.0,XLK
2025-09-16 04:00:00-04:00,273.28,274.31,273.21,274.21,0,0.0,0.0,0.0,XLK
2025-09-16 05:00:00-04:00,274.2,274.35,274.18,274.35,0,0.0,0.0,0.0,XLK
2025-09-16 06:00:00-04:00,274.31,274.34,274.09,274.22,0,0.0,0.0,0.0,XLK
2025-09-16 07:00:00-04:00,274.16,274.36,274.16,274.21,0,0.0,0.0,0.0,XLK
2025-09-16 08:00:00-04:00,274.21,274.38,273.32,274.08,0,0.0,0.0,0.0,XLK
2025-09-16 09:00:00-04:00,274.05,274.1881,273.32,273.94,0,0.0,0.0,0.0,XLK
2025-09-16 09:30:00-04:00,273.95001220703125,274.135009765625,273.010009765625,273.1300048828125,2394709,0.0,0.0,0.0,XLK
2025-09-16 10:30:00-04:00,273.1300048828125,273.1300048828125,272.4599914550781,272.5199890136719,1038108,0.0,0.0,0.0,XLK
2025-09-16 11:30:00-04:00,272.5199890136719,272.6300048828125,272.0400085449219,272.385009765625,653583,0.0,0.0,0.0,XLK
2025-09-16 12:30:00-04:00,272.3699951171875,272.7049865722656,272.1600036621094,272.45001220703125,561158,0.0,0.0,0.0,XLK
2025-09-16 13:30:00-04:00,272.45001220703125,272.4800109863281,272.17999267578125,272.3800048828125,697806,0.0,0.0,0.0,XLK
2025-09-16 14:30:00-04:00,272.3800048828125,272.69000244140625,272.3399963378906,272.3699951171875,1069134,0.0,0.0,0.0,XLK
2025-09-16 15:30:00-04:00,272.3800048828125,272.69000244140625,272.2699890136719,272.3399963378906,1217201,0.0,0.0,0.0,XLK
2025-09-16 16:00:00-04:00,272.35,272.6586,261.35,272.38,0,0.0,0.0,0.0,XLK
2025-09-16 17:00:00-04:00,272.42,272.7788,272.25,272.63,0,0.0,0.0,0.0,XLK
2025-09-16 18:00:00-04:00,272.42,272.72,272.35,272.51,0,0.0,0.0,0.0,XLK
2025-09-16 19:00:00-04:00,272.51,272.71,272.51,272.51,0,0.0,0.0,0.0,XLK
2025-09-17 04:00:00-04:00,272.95,272.95,272.4,272.48,0,0.0,0.0,0.0,XLK
2025-09-17 05:00:00-04:00,272.4,272.4,271.38,272.12,0,0.0,0.0,0.0,XLK
2025-09-17 06:00:00-04:00,272.09,272.1,271.54,271.59,0,0.0,0.0,0.0,XLK
2025-09-17 07:00:00-04:00,271.7,271.95,271.51,271.9,0,0.0,0.0,0.0,XLK
2025-09-17 08:00:00-04:00,271.9,272.73,271.58,271.95,0,0.0,0.0,0.0,XLK
2025-09-17 09:00:00-04:00,271.96,272.37,271.92,271.99,0,0.0,0.0,0.0,XLK
2025-09-17 09:30:00-04:00,272.19000244140625,272.5199890136719,270.9100036621094,271.1700134277344,1776344,0.0,0.0,0.0,XLK
2025-09-17 10:30:00-04:00,271.1700134277344,271.37890625,270.75,270.8800048828125,947642,0.0,0.0,0.0,XLK
2025-09-17 11:30:00-04:00,270.8800048828125,271.010009765625,270.55999755859375,270.8349914550781,682458,0.0,0.0,0.0,XLK
2025-09-17 12:30:00-04:00,270.8399963378906,270.8399963378906,270.3399963378906,270.82000732421875,409732,0.0,0.0,0.0,XLK
2025-09-17 13:30:00-04:00,270.82000732421875,272.1700134277344,269.0899963378906,271.17999267578125,1517452,0.0,0.0,0.0,XLK
2025-09-17 14:30:00-04:00,271.19000244140625,272.3699951171875,268.6199951171875,272.19000244140625,2723937,0.0,0.0,0.0,XLK
2025-09-17 15:30:00-04:00,272.1000061035156,272.30999755859375,271.1499938964844,271.4599914550781,1286005,0.0,0.0,0.0,XLK
2025-09-17 16:00:00-04:00,271.43,272.2,270.9719,271.54,0,0.0,0.0,0.0,XLK
2025-09-17 17:00:00-04:00,271.87,272.16,271.43,271.6,0,0.0,0.0,0.0,XLK
2025-09-17 18:00:00-04:00,271.6,272.53,271.6,272.48,0,0.0,0.0,0.0,XLK
2025-09-17 19:00:00-04:00,272.4,272.55,272.4,272.5,0,0.0,0.0,0.0,XLK
2025-09-18 04:00:00-04:00,273.65,274.3,273.62,274.15,0,0.0,0.0,0.0,XLK
2025-09-18 05:00:00-04:00,274.4,274.94,274.28,274.53,0,0.0,0.0,0.0,XLK
2025-09-18 06:00:00-04:00,274.8,274.96,274.66,274.8,0,0.0,0.0,0.0,XLK
2025-09-18 07:00:00-04:00,274.68,275.69,274.58,275.47,0,0.0,0.0,0.0,XLK
2025-09-18 08:00:00-04:00,275.41,275.8,271.43,275.75,0,0.0,0.0,0.0,XLK
2025-09-18 09:00:00-04:00,275.8599,275.8599,274.53,274.96,0,0.0,0.0,0.0,XLK
2025-09-18 09:30:00-04:00,274.95001220703125,276.4800109863281,273.6199951171875,276.4700012207031,3316824,0.0,0.0,0.0,XLK
2025-09-18 10:30:00-04:00,276.4700012207031,276.92999267578125,275.7900085449219,276.5299987792969,1701474,0.0,0.0,0.0,XLK
2025-09-18 11:30:00-04:00,276.5199890136719,276.82501220703125,275.8299865722656,276.4200134277344,1002073,0.0,0.0,0.0,XLK
2025-09-18 12:30:00-04:00,276.42999267578125,276.8500061035156,276.3699951171875,276.3800048828125,790856,0.0,0.0,0.0,XLK
2025-09-18 13:30:00-04:00,276.3699951171875,276.3800048828125,275.82000732421875,276.1499938964844,857916,0.0,0.0,0.0,XLK
2025-09-18 14:30:00-04:00,276.1499938964844,276.6400146484375,276.07000732421875,276.17999267578125,945625,0.0,0.0,0.0,XLK
2025-09-18 15:30:00-04:00,276.1700134277344,276.4800109863281,276.0400085449219,276.1199951171875,1431821,0.0,0.0,0.0,XLK
2025-09-18 16:00:00-04:00,276.12,276.4499,272.1488,276.11,0,0.0,0.0,0.0,XLK
2025-09-18 17:00:00-04:00,276.0,276.7,276.0,276.41,0,0.0,0.0,0.0,XLK
2025-09-18 18:00:00-04:00,276.41,276.67,276.34,276.5,0,0.0,0.0,0.0,XLK
2025-09-18 19:00:00-04:00,276.5,276.72,276.36,276.45,0,0.0,0.0,0.0,XLK
2025-09-19 04:00:00-04:00,276.25,276.25,275.92,276.2,0,0.0,0.0,0.0,XLK
2025-09-19 05:00:00-04:00,276.1,276.33,275.96,276.33,0,0.0,0.0,0.0,XLK
2025-09-19 06:00:00-04:00,276.31,276.36,276.03,276.15,0,0.0,0.0,0.0,XLK
2025-09-19 07:00:00-04:00,276.15,276.4,276.15,276.3,0,0.0,0.0,0.0,XLK
2025-09-19 08:00:00-04:00,276.32,276.84,275.56,276.84,0,0.0,0.0,0.0,XLK
2025-09-19 09:00:00-04:00,276.69,276.85,276.12,276.71,0,0.0,0.0,0.0,XLK
2025-09-19 09:30:00-04:00,277.2300109863281,277.69000244140625,276.6300048828125,277.29998779296875,1737636,0.0,0.0,0.0,XLK
2025-09-19 10:30:00-04:00,277.2900085449219,277.6099853515625,276.4599914550781,276.5899963378906,1148352,0.0,0.0,0.0,XLK
2025-09-19 11:30:00-04:00,276.57501220703125,277.94000244140625,276.3299865722656,277.9100036621094,886582,0.0,0.0,0.0,XLK
2025-09-19 12:30:00-04:00,277.9100036621094,278.1400146484375,277.6700134277344,277.8599853515625,843802,0.0,0.0,0.0,XLK
2025-09-19 13:30:00-04:00,277.8500061035156,278.07000732421875,277.6549987792969,277.7250061035156,675811,0.0,0.0,0.0,XLK
2025-09-19 14:30:00-04:00,277.7250061035156,278.3699951171875,277.70001220703125,278.2300109863281,838517,0.0,0.0,0.0,XLK
2025-09-19 15:30:00-04:00,278.2300109863281,279.17999267578125,278.0199890136719,278.80999755859375,1498120,0.0,0.0,0.0,XLK
2025-09-19 16:00:00-04:00,278.83,279.0,277.82,278.7,0,0.0,0.0,0.0,XLK
2025-09-19 17:00:00-04:00,278.7,278.91,278.52,278.52,0,0.0,0.0,0.0,XLK
2025-09-19 18:00:00-04:00,278.81,278.81,278.51,278.51,0,0.0,0.0,0.0,XLK
2025-09-19 19:00:00-04:00,278.51,278.99,278.51,278.99,0,0.0,0.0,0.0,XLK
2025-09-22 04:00:00-04:00,278.64,278.64,277.32,277.85,0,0.0,0.0,0.0,XLK
2025-09-22 05:00:00-04:00,277.85,277.88,277.07,277.43,0,0.0,0.0,0.0,XLK
2025-09-22 06:00:00-04:00,277.27,277.73,277.11,277.73,0,0.0,0.0,0.0,XLK
2025-09-22 07:00:00-04:00,277.62,277.69,277.37,277.61,0,0.0,0.0,0.0,XLK
2025-09-22 08:00:00-04:00,277.61,278.92,277.0,277.31,0,0.0,0.0,0.0,XLK
2025-09-22 09:00:00-04:00,277.31,278.92,277.29,277.95,0,0.0,0.0,0.0,XLK
2025-09-22 09:30:00-04:00,278.1499938964844,279.3599853515625,278.0400085449219,279.3500061035156,1886279,0.358,0.0,0.0,XLK
2025-09-22 10:30:00-04:00,279.3299865722656,280.3949890136719,279.19000244140625,280.3599853515625,890442,0.0,0.0,0.0,XLK
2025-09-22 11:30:00-04:00,280.3699951171875,281.82000732421875,280.17999267578125,281.7250061035156,1384460,0.0,0.0,0.0,XLK
2025-09-22 12:30:00-04:00,281.7099914550781,282.510009765625,281.6600036621094,282.1499938964844,1007566,0.0,0.0,0.0,XLK
2025-09-22 13:30:00-04:00,282.1400146484375,282.4549865722656,282.0150146484375,282.3699951171875,814075,0.0,0.0,0.0,XLK
2025-09-22 14:30:00-04:00,282.375,282.80999755859375,282.3599853515625,282.7099914550781,719303,0.0,0.0,0.0,XLK
2025-09-22 15:30:00-04:00,282.7099914550781,282.8900146484375,282.43499755859375,282.67999267578125,1010671,0.0,0.0,0.0,XLK
2025-09-22 16:00:00-04:00,282.69,282.89,281.2005,282.89,0,0.0,0.0,0.0,XLK
2025-09-22 17:00:00-04:00,282.66,282.89,282.66,282.8689,0,0.0,0.0,0.0,XLK
2025-09-22 18:00:00-04:00,282.87,282.87,282.42,282.42,0,0.0,0.0,0.0,XLK
2025-09-22 19:00:00-04:00,282.42,282.8575,282.42,282.65,0,0.0,0.0,0.0,XLK
2025-09-23 04:00:00-04:00,277.0,282.78,277.0,282.78,0,0.0,0.0,0.0,XLK
2025-09-23 05:00:00-04:00,282.78,282.78,282.36,282.36,0,0.0,0.0,0.0,XLK
2025-09-23 06:00:00-04:00,282.55,282.7,282.45,282.45,0,0.0,0.0,0.0,XLK
2025-09-23 07:00:00-04:00,282.52,282.62,282.0,282.21,0,0.0,0.0,0.0,XLK
2025-09-23 08:00:00-04:00,282.26,283.1788,281.95,282.3,0,0.0,0.0,0.0,XLK
2025-09-23 09:00:00-04:00,282.2,282.66,282.13,282.51,0,0.0,0.0,0.0,XLK
2025-09-23 09:30:00-04:00,282.2749938964844,282.7300109863281,281.510009765625,281.9100036621094,1815174,0.0,0.0,0.0,XLK
2025-09-23 10:30:00-04:00,281.8800048828125,281.92498779296875,281.32000732421875,281.8299865722656,831212,0.0,0.0,0.0,XLK
2025-09-23 11:30:00-04:00,281.8299865722656,281.8999938964844,281.2099914550781,281.3299865722656,615099,0.0,0.0,0.0,XLK
2025-09-23 12:30:00-04:00,281.3349914550781,281.6099853515625,280.32000732421875,280.3299865722656,771544,0.0,0.0,0.0,XLK
2025-09-23 13:30:00-04:00,280.32000732421875,280.4599914550781,278.97509765625,279.6700134277344,1646023,0.0,0.0,0.0,XLK
2025-09-23 14:30:00-04:00,279.6499938964844,280.0450134277344,279.4200134277344,279.7349853515625,1110795,0.0,0.0,0.0,XLK
2025-09-23 15:30:00-04:00,279.7349853515625,280.2900085449219,279.69000244140625,280.17999267578125,1274763,0.0,0.0,0.0,XLK
2025-09-23 16:00:00-04:00,280.22,280.8843,279.78,280.13,0,0.0,0.0,0.0,XLK
2025-09-23 17:00:00-04:00,280.21,280.695,280.2,280.64,0,0.0,0.0,0.0,XLK
2025-09-23 18:00:00-04:00,280.61,280.62,280.25,280.57,0,0.0,0.0,0.0,XLK
2025-09-23 19:00:00-04:00,280.6,280.75,280.09,280.51,0,0.0,0.0,0.0,XLK
2025-09-24 04:00:00-04:00,280.89,281.22,280.63,281.09,0,0.0,0.0,0.0,XLK
2025-09-24 05:00:00-04:00,281.09,281.22,281.08,281.22,0,0.0,0.0,0.0,XLK
2025-09-24 06:00:00-04:00,281.21,281.28,281.0,281.15,0,0.0,0.0,0.0,XLK
2025-09-24 07:00:00-04:00,281.02,281.22,281.02,281.09,0,0.0,0.0,0.0,XLK
2025-09-24 08:00:00-04:00,281.08,281.25,280.22,280.4,0,0.0,0.0,0.0,XLK
2025-09-24 09:00:00-04:00,280.72,280.72,280.46,280.7,0,0.0,0.0,0.0,XLK
2025-09-24 09:30:00-04:00,280.9700012207031,280.9700012207031,278.8299865722656,279.4700012207031,1951788,0.0,0.0,0.0,XLK
2025-09-24 10:30:00-04:00,279.4649963378906,279.6199951171875,278.79998779296875,279.2300109863281,688043,0.0,0.0,0.0,XLK
2025-09-24 11:30:00-04:00,279.2099914550781,279.2699890136719,276.6300048828125,277.5299987792969,1371872,0.0,0.0,0.0,XLK
2025-09-24 12:30:00-04:00,277.5400085449219,278.2699890136719,277.2900085449219,278.1099853515625,673666,0.0,0.0,0.0,XLK
2025-09-24 13:30:00-04:00,278.1199951171875,278.5,277.67999267578125,277.989990234375,560159,0.0,0.0,0.0,XLK
2025-09-24 14:30:00-04:00,277.989990234375,278.3599853515625,277.8800048828125,278.1499938964844,558674,0.0,0.0,0.0,XLK
2025-09-24 15:30:00-04:00,278.1700134277344,278.6199951171875,277.94000244140625,278.4599914550781,815021,0.0,0.0,0.0,XLK
2025-09-24 16:00:00-04:00,278.48,279.0,278.48,278.53,0,0.0,0.0,0.0,XLK
2025-09-24 17:00:00-04:00,278.75,278.79,278.4901,278.53,0,0.0,0.0,0.0,XLK
2025-09-24 18:00:00-04:00,278.69,279.0,278.49,278.88,0,0.0,0.0,0.0,XLK
2025-09-24 19:00:00-04:00,278.88,278.88,278.5,278.58,0,0.0,0.0,0.0,XLK
2025-09-25 04:00:00-04:00,278.7,278.7,278.56,278.67,0,0.0,0.0,0.0,XLK
2025-09-25 05:00:00-04:00,278.76,278.76,278.01,278.2,0,0.0,0.0,0.0,XLK
2025-09-25 06:00:00-04:00,278.17,278.17,277.74,277.86,0,0.0,0.0,0.0,XLK
2025-09-25 07:00:00-04:00,277.86,278.15,277.35,277.39,0,0.0,0.0,0.0,XLK
2025-09-25 08:00:00-04:00,277.33,279.25,276.5,276.51,0,0.0,0.0,0.0,XLK
2025-09-25 09:00:00-04:00,276.6,278.49,275.3,275.64,0,0.0,0.0,0.0,XLK
2025-09-25 09:30:00-04:00,275.9599914550781,277.5199890136719,274.25,277.30999755859375,4058222,0.0,0.0,0.0,XLK
2025-09-25 10:30:00-04:00,277.3399963378906,278.0799865722656,277.0899963378906,277.1700134277344,1302964,0.0,0.0,0.0,XLK
2025-09-25 11:30:00-04:00,277.1600036621094,278.69000244140625,277.1600036621094,277.5249938964844,1162646,0.0,0.0,0.0,XLK
2025-09-25 12:30:00-04:00,277.510009765625,278.1499938964844,276.7900085449219,277.25,982460,0.0,0.0,0.0,XLK
2025-09-25 13:30:00-04:00,277.25,277.3699951171875,275.3800048828125,277.1600036621094,1167118,0.0,0.0,0.0,XLK
2025-09-25 14:30:00-04:00,277.1400146484375,277.92999267578125,276.8999938964844,277.54998779296875,987247,0.0,0.0,0.0,XLK
2025-09-25 15:30:00-04:00,277.57000732421875,278.114990234375,277.2699890136719,277.989990234375,905737,0.0,0.0,0.0,XLK
2025-09-25 16:00:00-04:00,278.0,278.14,277.4,277.8262,0,0.0,0.0,0.0,XLK
2025-09-25 17:00:00-04:00,259.85,278.0,259.85,277.98,0,0.0,0.0,0.0,XLK
2025-09-25 18:00:00-04:00,277.98,278.2,277.87,277.97,0,0.0,0.0,0.0,XLK
2025-09-25 19:00:00-04:00,277.97,277.97,277.51,277.58,0,0.0,0.0,0.0,XLK
2025-09-26 04:00:00-04:00,278.11,278.38,277.2,277.43,0,0.0,0.0,0.0,XLK
2025-09-26 05:00:00-04:00,277.06,277.6,276.94,277.6,0,0.0,0.0,0.0,XLK
2025-09-26 06:00:00-04:00,277.5,277.51,277.06,277.24,0,0.0,0.0,0.0,XLK
2025-09-26 07:00:00-04:00,277.41,278.13,277.35,278.07,0,0.0,0.0,0.0,XLK
2025-09-26 08:00:00-04:00,279.2888,279.2888,277.108,278.8,0,0.0,0.0,0.0,XLK
2025-09-26 09:00:00-04:00,278.65,278.65,278.23,278.54,0,0.0,0.0,0.0,XLK
2025-09-26 09:30:00-04:00,278.29998779296875,279.0799865722656,276.3800048828125,276.9800109863281,2708999,0.0,0.0,0.0,XLK
2025-09-26 10:30:00-04:00,276.989990234375,277.81500244140625,276.4800109863281,277.0150146484375,639366,0.0,0.0,0.0,XLK
